Ardipithecus_ramidus	1	1.29881	0.19635	-0.832652
Ardipithecus_ramidus	2	0.957784	0.0361468	-0.37147
Ardipithecus_ramidus	3	1.26614	-0.31199	-1.79564
Ardipithecus_ramidus	4	2.07992	-0.262362	-0.182936
Ardipithecus_ramidus	5	0.561523	-0.85317	-1.04015
Ardipithecus_ramidus	6	2.03421	-0.882744	-1.6799
Ardipithecus_ramidus	7	1.50663	-0.991381	0.0395457
Ardipithecus_ramidus	8	1.06076	-1.26994	-1.85784
Ardipithecus_ramidus	9	2.05778	-1.36965	-0.906396
Ardipithecus_ramidus	10	1.60393	-1.69748	-1.15424
Sahelanthropus_tchadensis	1	-1.3359	1.23439	-1.44999
Sahelanthropus_tchadensis	2	-1.69067	0.956192	-0.75756
Sahelanthropus_tchadensis	3	-1.40034	0.67053	-2.35311
Sahelanthropus_tchadensis	4	-0.47514	1.04403	-0.610031
Sahelanthropus_tchadensis	5	-2.17027	0.0889508	-1.46772
Sahelanthropus_tchadensis	6	-0.766127	0.231929	-1.83499
Sahelanthropus_tchadensis	7	-1.07348	0.22746	-0.394733
Sahelanthropus_tchadensis	8	-1.69422	-0.384679	-2.04782
Sahelanthropus_tchadensis	9	-0.417712	-0.0703573	-1.20748
Sahelanthropus_tchadensis	10	-1.00918	-0.50619	-1.40197
Australopithecus_anamensis	1	-0.875422	0.559485	-5.22076
Australopithecus_anamensis	2	-1.36061	0.430786	-4.58747
Australopithecus_anamensis	3	-0.561418	-0.059847	-5.86971
Australopithecus_anamensis	4	0.0194094	0.143421	-4.35458
Australopithecus_anamensis	5	-1.64895	-0.41144	-5.2124
Australopithecus_anamensis	6	0.335928	-0.581969	-5.45543
Australopithecus_anamensis	7	-0.674082	-0.581251	-4.10599
Australopithecus_anamensis	8	-0.662252	-0.983361	-5.83001
Australopithecus_anamensis	9	0.420202	-1.04785	-4.7243
Australopithecus_anamensis	10	-0.0453462	-1.35605	-5.00748
Tip36	1	6.10977	2.37789	-0.974724
Tip36	2	5.57756	2.15088	-0.316027
Tip36	3	6.15566	1.17125	-1.34514
Tip36	4	6.68292	1.65805	-0.262619
Tip36	5	5.50315	0.987428	-0.870744
Tip36	6	6.62349	0.825486	-1.36976
Tip36	7	6.15226	0.671198	-0.096852
Tip36	8	5.88756	0.194852	-1.43263
Tip36	9	6.73967	0.349948	-0.78526
Tip36	10	6.37289	0.0166476	-0.862639
Tip35	1	5.50043	1.31457	0.0379344
Tip35	2	5.07208	1.14563	0.650108
Tip35	3	5.98058	0.229967	-0.347381
Tip35	4	6.48237	0.682563	0.781963
Tip35	5	5.18454	0.0659751	0.168001
Tip35	6	6.84694	-0.115582	-0.347595
Tip35	7	6.2506	-0.39491	0.958169
Tip35	8	5.99604	-0.570449	-0.258273
Tip35	9	7.21514	-0.529296	0.336272
Tip35	10	6.94195	-0.838942	0.228334
Tip2	1	4.9656	1.61334	1.57418
Tip2	2	4.5255	1.44034	2.11974
Tip2	3	5.47076	0.810924	1.2095
Tip2	4	6.04675	1.11824	2.15314
Tip2	5	4.71485	0.632071	1.79377
Tip2	6	6.26382	0.66418	1.08554
Tip2	7	5.85385	0.36695	2.33585
Tip2	8	5.34046	0.217965	1.25811
Tip2	9	6.48705	0.323011	1.69559
Tip2	10	6.25434	0.0174423	1.6793
Paranthropus_robustus	1	5.36911	-2.26959	1.1258
Paranthropus_robustus	2	4.82106	-2.26687	1.67131
Paranthropus_robustus	3	5.87653	-3.38979	0.583453
Paranthropus_robustus	4	6.47295	-2.95229	1.48826
Paranthropus_robustus	5	5.00041	-3.16197	1.27598
Paranthropus_robustus	6	6.82488	-3.48302	0.156278
Paranthropus_robustus	7	6.13751	-3.65966	1.78189
Paranthropus_robustus	8	5.82195	-3.95276	0.584383
Paranthropus_robustus	9	6.99663	-3.78517	0.793022
Paranthropus_robustus	10	6.76437	-4.00504	0.816153
Tip20	1	3.56444	-2.48933	0.774
Tip20	2	3.24574	-2.5027	1.30263
Tip20	3	3.88577	-3.26242	0.202845
Tip20	4	4.55084	-3.05278	0.88495
Tip20	5	3.19609	-3.32603	0.911767
Tip20	6	4.88393	-3.46998	-0.290757
Tip20	7	4.35604	-3.84847	1.11338
Tip20	8	3.85723	-3.89193	0.166631
Tip20	9	5.13506	-3.91266	0.377002
Tip20	10	4.87452	-4.21631	0.397984
Tip54	1	2.78767	-2.42826	-0.101207
Tip54	2	2.46147	-2.36796	0.37705
Tip54	3	3.3472	-3.39198	-0.496505
Tip54	4	4.01088	-3.14329	0.0621947
Tip54	5	2.42943	-3.34446	0.138885
Tip54	6	4.2844	-3.48647	-0.798133
Tip54	7	3.80663	-3.90873	0.480181
Tip54	8	3.36055	-4.08681	-0.435646
Tip54	9	4.62935	-3.92244	-0.169738
Tip54	10	4.31464	-4.16128	-0.20223
Tip31	1	4.87547	-4.21963	-1.03862
Tip31	2	4.47123	-4.29522	-0.608294
Tip31	3	5.38558	-5.33377	-1.47051
Tip31	4	5.85577	-4.95192	-0.880022
Tip31	5	4.69295	-5.31734	-0.980602
Tip31	6	6.0662	-5.2803	-1.71767
Tip31	7	5.64918	-5.77078	-0.613206
Tip31	8	5.3151	-5.91402	-1.4238
Tip31	9	6.30194	-5.73628	-1.09155
Tip31	10	6.00745	-5.99948	-1.14125
Tip56	1	5.76082	-3.42249	-1.96246
Tip56	2	5.34402	-3.56119	-1.49553
Tip56	3	6.30365	-4.56836	-2.74955
Tip56	4	6.69687	-4.12742	-2.0181
Tip56	5	5.53466	-4.55357	-1.97405
Tip56	6	6.94031	-4.53786	-3.03679
Tip56	7	6.48417	-5.07487	-1.80767
Tip56	8	6.21333	-5.19983	-2.66758
Tip56	9	7.14764	-5.03472	-2.3603
Tip56	10	6.89568	-5.29675	-2.40458
Tip18	1	4.11713	-3.83419	-1.79035
Tip18	2	3.72792	-3.94413	-1.3337
Tip18	3	4.70469	-4.89498	-2.30796
Tip18	4	5.07423	-4.48915	-1.6062
Tip18	5	3.85814	-4.90697	-1.74935
Tip18	6	5.3959	-4.76315	-2.39666
Tip18	7	4.87464	-5.37162	-1.38039
Tip18	8	4.56795	-5.47095	-2.27359
Tip18	9	5.52067	-5.22114	-1.75728
Tip18	10	5.24557	-5.49992	-1.88058
Tip25	1	5.19346	-2.5689	-1.53321
Tip25	2	4.76462	-2.69614	-0.961684
Tip25	3	5.78253	-3.25137	-2.18614
Tip25	4	6.13085	-3.08196	-1.48909
Tip25	5	5.07406	-3.44602	-1.5192
Tip25	6	6.48239	-3.27201	-2.29005
Tip25	7	5.91861	-3.78852	-1.25551
Tip25	8	5.53539	-3.86322	-2.09288
Tip25	9	6.49521	-3.6418	-1.65533
Tip25	10	6.23261	-3.87469	-1.78193
Tip77	1	5.49272	-2.6261	-1.8989
Tip77	2	5.15379	-2.73213	-1.35737
Tip77	3	5.9737	-3.35129	-2.44555
Tip77	4	6.32911	-3.24003	-1.77433
Tip77	5	5.3867	-3.5179	-1.8545
Tip77	6	6.62495	-3.39879	-2.588
Tip77	7	6.10413	-3.92921	-1.59118
Tip77	8	5.75364	-3.92776	-2.37294
Tip77	9	6.64233	-3.78135	-1.95931
Tip77	10	6.39681	-4.01601	-2.0747
Tip71	1	2.87736	-1.39872	-2.10283
Tip71	2	2.4798	-1.47803	-1.70654
Tip71	3	3.38869	-2.00985	-2.24584
Tip71	4	3.95686	-1.98016	-1.77874
Tip71	5	2.56683	-2.09899	-1.90462
Tip71	6	4.53335	-2.26325	-2.52235
Tip71	7	3.47312	-2.56217	-1.60227
Tip71	8	3.16654	-2.58877	-2.11041
Tip71	9	4.6194	-2.57763	-1.91734
Tip71	10	4.15978	-2.7252	-1.90312
Tip72	1	2.39785	-3.74648	-1.83278
Tip72	2	1.97365	-3.72088	-1.42551
Tip72	3	2.96659	-4.3587	-1.89738
Tip72	4	3.47917	-4.23727	-1.36853
Tip72	5	2.11704	-4.39392	-1.62109
Tip72	6	4.02798	-4.4009	-2.16038
Tip72	7	3.02892	-4.87988	-1.14183
Tip72	8	2.72399	-4.91112	-1.69805
Tip72	9	4.11805	-4.66009	-1.50397
Tip72	10	3.66952	-4.91152	-1.47533
Tip137	1	3.04646	-3.49333	-2.61773
Tip137	2	2.67314	-3.45592	-2.19723
Tip137	3	3.52883	-4.15523	-2.69855
Tip137	4	4.07519	-4.0192	-2.16703
Tip137	5	2.76857	-4.20037	-2.36117
Tip137	6	4.56306	-4.23082	-2.95073
Tip137	7	3.58447	-4.70581	-1.91513
Tip137	8	3.29985	-4.75454	-2.45047
Tip137	9	4.59165	-4.42871	-2.2921
Tip137	10	4.18588	-4.70467	-2.25883
Tip62	1	1.16877	-0.744335	-3.58738
Tip62	2	0.837827	-0.846544	-3.09401
Tip62	3	1.64895	-1.27358	-3.91277
Tip62	4	2.1107	-1.07526	-3.41392
Tip62	5	0.873365	-1.39672	-3.31705
Tip62	6	2.64767	-1.35996	-4.1407
Tip62	7	1.71392	-1.76143	-3.09209
Tip62	8	1.44145	-1.78008	-3.67668
Tip62	9	2.66022	-1.54316	-3.51509
Tip62	10	2.23433	-1.76488	-3.51619
Tip142	1	0.11915	-2.4946	-4.43615
Tip142	2	-0.139404	-2.37968	-4.0081
Tip142	3	0.534672	-3.19546	-4.719
Tip142	4	0.937338	-3.25976	-4.27825
Tip142	5	-0.0404387	-3.18902	-4.26437
Tip142	6	1.77769	-3.42078	-4.98343
Tip142	7	0.62959	-3.71319	-4.22754
Tip142	8	0.390176	-3.71278	-4.67524
Tip142	9	1.72908	-3.67457	-4.31906
Tip142	10	1.25957	-3.90782	-4.43741
Tip17	1	2.54017	-2.32831	-3.07052
Tip17	2	2.21701	-2.3293	-2.67149
Tip17	3	3.00096	-2.95666	-3.1915
Tip17	4	3.57187	-2.84003	-2.68568
Tip17	5	2.27399	-3.05954	-2.86444
Tip17	6	3.99336	-3.15133	-3.33444
Tip17	7	3.22775	-3.44533	-2.51709
Tip17	8	2.80967	-3.5328	-3.01683
Tip17	9	4.15395	-3.41135	-2.7237
Tip17	10	3.74229	-3.60093	-2.77391
Tip21	1	2.58474	-1.16298	-1.84664
Tip21	2	2.23977	-1.29864	-1.40056
Tip21	3	3.05467	-1.59358	-2.2155
Tip21	4	3.59075	-1.25454	-1.61217
Tip21	5	2.41147	-1.9446	-1.67793
Tip21	6	3.98413	-1.56392	-2.53765
Tip21	7	3.30597	-1.97094	-1.42782
Tip21	8	2.94283	-2.23585	-1.96766
Tip21	9	4.10654	-1.81329	-1.8813
Tip21	10	3.73091	-2.04677	-1.94527
Tip22	1	2.01244	-1.20285	-2.0312
Tip22	2	1.67097	-1.32964	-1.52166
Tip22	3	2.53331	-1.72206	-2.35936
Tip22	4	3.01026	-1.37878	-1.67728
Tip22	5	1.85106	-2.02469	-1.81782
Tip22	6	3.49274	-1.7043	-2.54328
Tip22	7	2.68301	-2.08231	-1.49219
Tip22	8	2.35416	-2.37712	-2.10083
Tip22	9	3.54292	-1.96094	-1.90393
Tip22	10	3.14289	-2.19325	-2.01628
Tip78	1	2.93343	-1.36691	-1.09322
Tip78	2	2.55201	-1.53226	-0.605062
Tip78	3	3.46675	-1.81453	-1.35655
Tip78	4	4.0013	-1.53751	-0.718266
Tip78	5	2.81117	-2.14201	-0.905549
Tip78	6	4.40583	-1.76255	-1.49467
Tip78	7	3.73541	-2.17842	-0.574061
Tip78	8	3.33742	-2.42426	-1.17681
Tip78	9	4.49249	-1.99572	-0.924971
Tip78	10	4.14592	-2.1959	-1.01706
Tip76	1	3.86623	-1.62975	-3.74363
Tip76	2	3.51776	-1.73122	-3.16882
Tip76	3	4.33425	-2.02317	-4.11265
Tip76	4	4.70472	-1.7854	-3.45142
Tip76	5	3.6349	-2.3483	-3.5831
Tip76	6	5.16429	-2.02037	-4.16138
Tip76	7	4.30797	-2.43293	-3.33653
Tip76	8	4.07996	-2.60821	-3.92118
Tip76	9	5.19428	-2.28283	-3.65168
Tip76	10	4.89465	-2.45735	-3.78714
Tip79	1	3.93096	-1.9279	-2.04497
Tip79	2	3.52404	-1.96874	-1.5193
Tip79	3	4.42328	-2.37257	-2.36705
Tip79	4	4.84965	-2.07186	-1.73204
Tip79	5	3.68119	-2.63453	-1.83434
Tip79	6	5.29265	-2.34479	-2.45102
Tip79	7	4.47523	-2.66663	-1.53982
Tip79	8	4.18593	-2.94574	-2.1196
Tip79	9	5.34867	-2.56789	-1.86646
Tip79	10	5.01985	-2.75254	-1.97556
Tip113	1	4.34097	0.287778	-0.559348
Tip113	2	4.16701	0.234036	-0.241062
Tip113	3	4.67564	-0.070032	-0.626674
Tip113	4	5.02538	0.144663	-0.0383094
Tip113	5	4.32288	-0.409037	-0.318081
Tip113	6	5.47318	-0.0920571	-0.642655
Tip113	7	4.93109	-0.389037	0.202456
Tip113	8	4.71417	-0.624039	-0.382316
Tip113	9	5.61951	-0.245116	-0.111528
Tip113	10	5.3091	-0.481516	-0.188012
Tip115	1	2.46852	-3.01962	-2.69752
Tip115	2	2.36237	-3.07272	-2.30785
Tip115	3	2.87908	-3.3968	-2.70042
Tip115	4	3.45556	-2.9709	-2.08614
Tip115	5	2.4783	-3.85036	-2.26072
Tip115	6	3.7712	-3.23105	-2.62469
Tip115	7	3.40775	-3.57612	-1.70959
Tip115	8	2.98366	-3.9484	-2.4764
Tip115	9	4.15781	-3.36594	-2.01456
Tip115	10	3.85664	-3.60346	-2.18112
Tip133	1	5.21155	2.47506	0.0268336
Tip133	2	5.11145	2.3945	0.486233
Tip133	3	5.57883	2.24259	-0.0998811
Tip133	4	5.81524	2.47177	0.541937
Tip133	5	5.23988	1.84687	0.359471
Tip133	6	6.26053	2.25685	-0.0493477
Tip133	7	5.71114	1.89374	1.02269
Tip133	8	5.61031	1.7998	0.241778
Tip133	9	6.37099	2.18284	0.625158
Tip133	10	6.19671	1.93798	0.464292
Tip75	1	3.09239	0.133117	1.10633
Tip75	2	2.86618	0.140569	1.42981
Tip75	3	3.35726	-0.181726	1.13457
Tip75	4	3.72573	0.0912566	1.87775
Tip75	5	2.97701	-0.408031	1.37562
Tip75	6	4.10443	-0.170515	1.19653
Tip75	7	3.60511	-0.455442	2.01828
Tip75	8	3.42349	-0.65253	1.4523
Tip75	9	4.30959	-0.276381	1.73269
Tip75	10	4.00391	-0.533409	1.673
Tip141	1	1.33148	0.812955	2.69475
Tip141	2	1.12809	0.764219	2.98331
Tip141	3	1.49581	0.515944	2.74348
Tip141	4	2.14247	0.62518	3.32793
Tip141	5	1.0725	0.161029	2.89131
Tip141	6	2.56653	0.477883	2.77685
Tip141	7	1.94916	0.045439	3.55014
Tip141	8	1.48201	-0.0698854	2.98653
Tip141	9	2.88347	0.23778	3.20962
Tip141	10	2.39782	0.0252947	3.16406
Tip9	1	2.73318	-1.04472	-1.98909
Tip9	2	2.41806	-1.17486	-1.51933
Tip9	3	3.38877	-1.46685	-2.38576
Tip9	4	3.91138	-1.22766	-1.62593
Tip9	5	2.64153	-1.79312	-1.85598
Tip9	6	4.35811	-1.44034	-2.43253
Tip9	7	3.6169	-1.84379	-1.5048
Tip9	8	3.25307	-2.09473	-2.19615
Tip9	9	4.4643	-1.74914	-1.78887
Tip9	10	4.09178	-1.91915	-1.95926
Tip23	1	2.83115	-0.72625	-3.09524
Tip23	2	2.43703	-0.89895	-2.36913
Tip23	3	3.19161	-1.06029	-3.55368
Tip23	4	3.69491	-0.695579	-2.92964
Tip23	5	2.61315	-1.51534	-2.97409
Tip23	6	4.00147	-0.852916	-3.61372
Tip23	7	3.39605	-1.46746	-2.70277
Tip23	8	3.06598	-1.72502	-3.3259
Tip23	9	4.22069	-1.14536	-3.04923
Tip23	10	3.85559	-1.44649	-3.11542
Tip90	1	1.7659	-1.07152	-0.982183
Tip90	2	1.49107	-1.12466	-0.327251
Tip90	3	2.24044	-1.60528	-1.30666
Tip90	4	2.63017	-1.34601	-0.585007
Tip90	5	1.60676	-1.921	-0.825831
Tip90	6	3.091	-1.73845	-1.40988
Tip90	7	2.35643	-2.02014	-0.331308
Tip90	8	2.06771	-2.27453	-1.09304
Tip90	9	3.29993	-2.04338	-0.690158
Tip90	10	2.93109	-2.26932	-0.739367
Tip43	1	5.9659	-3.09589	-1.16256
Tip43	2	5.50492	-3.19955	-0.566572
Tip43	3	6.63929	-3.72326	-1.70215
Tip43	4	6.96154	-3.50225	-0.955022
Tip43	5	5.75593	-3.95521	-1.01854
Tip43	6	7.42709	-3.64633	-1.89321
Tip43	7	6.72577	-4.15959	-0.729592
Tip43	8	6.32692	-4.30748	-1.52705
Tip43	9	7.46162	-4.01955	-1.12943
Tip43	10	7.1646	-4.26528	-1.21335
Tip47	1	4.75104	-4.16187	-3.54742
Tip47	2	4.3853	-4.19438	-2.89934
Tip47	3	5.44791	-5.04364	-4.1686
Tip47	4	5.82148	-4.82238	-3.54423
Tip47	5	4.68768	-5.15594	-3.56699
Tip47	6	6.26084	-5.00878	-4.24372
Tip47	7	5.64897	-5.59228	-3.2756
Tip47	8	5.23214	-5.71557	-4.03848
Tip47	9	6.34393	-5.46702	-3.67698
Tip47	10	6.05681	-5.75167	-3.77748
Tip14	1	4.62765	-3.5962	-2.74248
Tip14	2	4.19255	-3.65805	-2.10878
Tip14	3	5.28855	-4.31543	-3.26023
Tip14	4	5.6575	-4.01927	-2.68836
Tip14	5	4.48954	-4.52058	-2.74125
Tip14	6	6.10789	-4.22367	-3.37061
Tip14	7	5.41944	-4.79324	-2.42384
Tip14	8	5.07822	-5.05302	-3.17212
Tip14	9	6.16565	-4.64096	-2.78978
Tip14	10	5.8995	-4.94391	-2.89442
Tip46	1	5.36438	-3.64268	-4.37461
Tip46	2	4.89189	-3.69545	-3.69383
Tip46	3	5.93417	-4.25431	-4.86999
Tip46	4	6.1482	-4.01632	-4.35983
Tip46	5	5.25826	-4.47388	-4.40743
Tip46	6	6.47194	-4.20952	-5.02686
Tip46	7	5.96336	-4.72703	-4.1734
Tip46	8	5.70449	-4.87811	-4.76826
Tip46	9	6.51992	-4.61144	-4.53666
Tip46	10	6.30075	-4.88492	-4.61009
Tip136	1	4.17538	-4.9823	-0.245683
Tip136	2	3.72954	-4.76752	0.245851
Tip136	3	4.90444	-5.78916	-0.665858
Tip136	4	5.20368	-5.40404	-0.145465
Tip136	5	4.0665	-5.88106	-0.324114
Tip136	6	5.6157	-5.52361	-0.937954
Tip136	7	4.86839	-6.15566	0.0212636
Tip136	8	4.64264	-6.4149	-0.659665
Tip136	9	5.63367	-5.92479	-0.355932
Tip136	10	5.43539	-6.28468	-0.467864
Tip66	1	3.91361	-2.74485	-3.78493
Tip66	2	3.56321	-2.87227	-3.10184
Tip66	3	4.55797	-3.6709	-4.22508
Tip66	4	4.92197	-3.42872	-3.61989
Tip66	5	3.87224	-3.76286	-3.80592
Tip66	6	5.29346	-3.61066	-4.2216
Tip66	7	4.7692	-4.23115	-3.31957
Tip66	8	4.40621	-4.36732	-4.08515
Tip66	9	5.42455	-4.09977	-3.64067
Tip66	10	5.18221	-4.40731	-3.76405
Tip4	1	5.08641	-2.92756	-3.53282
Tip4	2	4.69521	-3.05441	-2.84989
Tip4	3	5.7851	-3.82012	-4.07947
Tip4	4	6.15971	-3.58712	-3.44828
Tip4	5	5.04833	-3.91572	-3.55493
Tip4	6	6.5047	-3.81599	-4.13978
Tip4	7	5.95868	-4.35651	-3.14889
Tip4	8	5.58505	-4.50186	-3.93021
Tip4	9	6.59121	-4.26886	-3.53392
Tip4	10	6.34321	-4.55988	-3.64188
Tip48	1	5.04011	-2.98557	-4.11414
Tip48	2	4.74802	-3.18262	-3.41875
Tip48	3	5.70681	-3.97962	-4.66258
Tip48	4	6.17499	-3.75332	-4.09896
Tip48	5	5.04907	-4.29866	-4.16502
Tip48	6	6.51119	-3.9289	-4.69742
Tip48	7	6.06734	-4.68831	-3.69137
Tip48	8	5.69482	-4.87686	-4.44041
Tip48	9	6.66248	-4.47216	-4.18546
Tip48	10	6.41646	-4.88674	-4.25002
Tip57	1	5.83497	-4.67535	-4.77833
Tip57	2	5.5362	-4.79488	-4.0405
Tip57	3	6.42215	-5.72303	-5.44583
Tip57	4	6.84444	-5.56278	-4.89155
Tip57	5	5.82215	-5.85889	-4.91639
Tip57	6	7.17404	-5.67874	-5.43569
Tip57	7	6.83807	-6.34009	-4.54432
Tip57	8	6.32752	-6.46327	-5.24224
Tip57	9	7.34498	-6.2072	-4.94498
Tip57	10	7.12482	-6.50679	-5.01624
Tip11	1	5.71862	-4.92217	-4.71257
Tip11	2	5.44188	-5.02341	-3.94395
Tip11	3	6.31255	-6.02439	-5.40297
Tip11	4	6.70792	-5.80683	-4.86291
Tip11	5	5.71247	-6.15244	-4.86436
Tip11	6	7.03466	-5.92468	-5.45357
Tip11	7	6.62924	-6.57023	-4.48327
Tip11	8	6.18139	-6.74442	-5.24135
Tip11	9	7.15592	-6.39979	-4.93793
Tip11	10	6.9053	-6.71463	-5.00549
Tip5	1	5.6879	-4.05663	-5.01672
Tip5	2	5.41291	-4.22118	-4.20641
Tip5	3	6.30324	-5.01366	-5.63792
Tip5	4	6.68149	-4.84659	-5.1836
Tip5	5	5.64451	-5.17972	-5.13897
Tip5	6	7.03417	-4.97591	-5.74985
Tip5	7	6.59059	-5.64882	-4.82648
Tip5	8	6.15651	-5.77713	-5.49441
Tip5	9	7.16572	-5.51949	-5.26444
Tip5	10	6.92345	-5.82906	-5.31318
Tip24	1	6.3289	-4.36797	-4.9002
Tip24	2	6.16337	-4.31604	-4.24525
Tip24	3	6.93405	-5.67408	-5.41154
Tip24	4	7.34133	-5.3683	-4.74938
Tip24	5	6.49717	-5.77494	-4.9866
Tip24	6	7.45254	-5.6896	-5.3042
Tip24	7	7.39201	-6.37358	-4.33018
Tip24	8	6.91343	-6.44279	-5.218
Tip24	9	7.73923	-6.36847	-4.61269
Tip24	10	7.59332	-6.61819	-4.73777
Tip41	1	6.56511	-5.55733	-4.3792
Tip41	2	6.25223	-5.54844	-3.79063
Tip41	3	7.18359	-6.96112	-4.7091
Tip41	4	7.49878	-6.72938	-4.11822
Tip41	5	6.70823	-6.98972	-4.29312
Tip41	6	7.70533	-7.02947	-4.60068
Tip41	7	7.44406	-7.72838	-3.74289
Tip41	8	7.14998	-7.74973	-4.49841
Tip41	9	7.84529	-7.78683	-3.90256
Tip41	10	7.69323	-8.03903	-4.04702
Tip42	1	5.93079	-4.48907	-3.47777
Tip42	2	5.77315	-4.31555	-2.90222
Tip42	3	6.29374	-5.47265	-3.80025
Tip42	4	6.71863	-5.16916	-3.13291
Tip42	5	5.91554	-5.58534	-3.50135
Tip42	6	6.76876	-5.47854	-3.62381
Tip42	7	6.66242	-6.15299	-2.87677
Tip42	8	6.22514	-6.20196	-3.72056
Tip42	9	7.02972	-6.17737	-3.01977
Tip42	10	6.88721	-6.45868	-3.17091
Tip92	1	7.87906	-4.46	-3.40604
Tip92	2	7.62004	-4.41001	-2.76293
Tip92	3	8.65604	-5.80171	-3.6047
Tip92	4	9.03109	-5.50129	-2.93507
Tip92	5	8.18046	-5.86103	-3.21371
Tip92	6	9.21894	-5.88509	-3.42464
Tip92	7	8.88055	-6.73397	-2.52458
Tip92	8	8.53718	-6.72171	-3.38969
Tip92	9	9.25328	-6.81809	-2.73099
Tip92	10	9.0919	-7.10313	-2.84276
Tip8	1	7.1687	-4.90699	-2.72386
Tip8	2	6.92522	-4.84097	-2.0222
Tip8	3	7.76476	-6.40628	-3.0506
Tip8	4	8.01024	-6.15963	-2.36444
Tip8	5	7.3162	-6.43808	-2.58245
Tip8	6	8.15411	-6.46603	-2.9552
Tip8	7	8.01758	-7.21684	-2.00956
Tip8	8	7.77825	-7.18199	-2.84737
Tip8	9	8.36047	-7.25475	-2.3262
Tip8	10	8.28371	-7.50062	-2.44094
Tip13	1	5.52538	-4.20338	-4.3252
Tip13	2	5.27678	-4.2012	-3.64072
Tip13	3	6.03191	-5.50488	-4.74659
Tip13	4	6.35392	-5.2608	-4.07107
Tip13	5	5.56094	-5.55616	-4.30258
Tip13	6	6.56136	-5.55187	-4.67442
Tip13	7	6.3068	-6.19877	-3.78689
Tip13	8	5.88913	-6.28861	-4.58049
Tip13	9	6.70571	-6.20552	-4.07218
Tip13	10	6.53958	-6.44717	-4.20415
Tip69	1	5.6612	-3.98257	-3.29688
Tip69	2	5.40147	-4.02216	-2.69055
Tip69	3	6.2881	-5.34318	-4.01328
Tip69	4	6.54514	-5.06978	-3.25671
Tip69	5	5.83852	-5.48433	-3.48905
Tip69	6	6.86912	-5.36644	-3.98684
Tip69	7	6.49371	-5.97009	-3.01705
Tip69	8	6.10316	-6.12935	-3.8461
Tip69	9	6.88767	-5.97858	-3.35362
Tip69	10	6.7451	-6.20096	-3.48407
Tip33	1	6.53052	-6.21786	-4.97534
Tip33	2	6.17816	-6.23717	-4.28922
Tip33	3	7.10163	-7.65837	-5.15008
Tip33	4	7.62211	-7.3759	-4.41412
Tip33	5	6.64353	-7.71747	-4.71924
Tip33	6	7.8106	-7.56776	-5.01204
Tip33	7	7.66466	-8.17533	-4.19368
Tip33	8	6.8858	-8.33564	-4.87111
Tip33	9	8.06603	-8.11151	-4.42703
Tip33	10	7.88587	-8.34718	-4.53602
Tip30	1	6.0234	-3.0356	-4.81731
Tip30	2	5.65722	-3.137	-4.1036
Tip30	3	6.36197	-4.38001	-4.91234
Tip30	4	6.81681	-4.24199	-4.18379
Tip30	5	5.86171	-4.5185	-4.48785
Tip30	6	7.00654	-4.38403	-4.77426
Tip30	7	6.81705	-5.24289	-3.84212
Tip30	8	6.06193	-5.22947	-4.4838
Tip30	9	7.17259	-5.15713	-4.08561
Tip30	10	7.02732	-5.41402	-4.19786
Tip34	1	7.34386	-3.74457	-5.34446
Tip34	2	6.96105	-3.78108	-4.66022
Tip34	3	7.73139	-5.13987	-5.71285
Tip34	4	8.29182	-4.96807	-4.98273
Tip34	5	7.21498	-5.27124	-5.22259
Tip34	6	8.41641	-5.1223	-5.50077
Tip34	7	8.24111	-5.93948	-4.66731
Tip34	8	7.39588	-6.00717	-5.26834
Tip34	9	8.642	-5.79291	-4.88668
Tip34	10	8.43976	-6.07187	-5.04256
Tip27	1	6.7852	-4.22239	-5.15181
Tip27	2	6.55663	-4.33939	-4.43304
Tip27	3	7.16591	-5.56044	-5.66399
Tip27	4	7.64414	-5.34883	-4.94821
Tip27	5	6.62876	-5.69656	-5.08887
Tip27	6	7.74833	-5.48686	-5.43247
Tip27	7	7.46576	-6.27882	-4.54677
Tip27	8	6.70637	-6.4221	-5.07745
Tip27	9	7.85098	-6.12395	-4.75583
Tip27	10	7.64563	-6.39251	-4.9064
Tip100	1	6.5157	-3.92484	-5.32658
Tip100	2	6.28014	-4.0567	-4.62049
Tip100	3	6.91655	-5.29384	-5.84359
Tip100	4	7.41847	-5.08495	-5.12071
Tip100	5	6.33951	-5.43202	-5.28286
Tip100	6	7.52372	-5.2282	-5.61303
Tip100	7	7.24786	-6.05197	-4.7833
Tip100	8	6.44215	-6.17224	-5.2889
Tip100	9	7.65268	-5.90586	-4.99201
Tip100	10	7.42632	-6.17657	-5.14289
Tip106	1	7.09215	-2.76035	-4.61013
Tip106	2	6.72931	-2.81749	-3.92772
Tip106	3	7.51634	-4.14227	-4.84294
Tip106	4	7.97813	-3.96714	-4.08348
Tip106	5	6.94816	-4.24159	-4.37188
Tip106	6	8.17455	-4.15586	-4.62329
Tip106	7	7.91757	-5.08862	-3.7433
Tip106	8	7.1491	-5.14074	-4.36497
Tip106	9	8.30427	-4.94048	-3.935
Tip106	10	8.14348	-5.25584	-4.09342
Tip38	1	8.23392	-4.05522	-5.41066
Tip38	2	7.85896	-4.09715	-4.7084
Tip38	3	8.90138	-5.62565	-5.78073
Tip38	4	9.509	-5.50525	-4.90682
Tip38	5	8.33285	-5.67682	-5.18798
Tip38	6	9.63616	-5.66752	-5.57207
Tip38	7	9.50475	-6.45422	-4.54301
Tip38	8	8.66975	-6.44459	-5.22598
Tip38	9	9.90308	-6.3741	-4.78886
Tip38	10	9.7272	-6.6395	-4.88681
Tip51	1	7.68618	-4.80958	-6.88132
Tip51	2	7.32039	-4.85765	-6.1944
Tip51	3	8.29935	-6.4594	-7.33901
Tip51	4	8.87991	-6.32891	-6.55113
Tip51	5	7.68649	-6.50181	-6.7862
Tip51	6	9.01633	-6.51523	-7.11978
Tip51	7	8.91576	-7.23667	-6.20675
Tip51	8	8.03662	-7.24114	-6.86228
Tip51	9	9.30973	-7.1644	-6.42364
Tip51	10	9.11717	-7.44979	-6.51386
Tip82	1	7.09283	-4.29346	-4.83997
Tip82	2	6.73196	-4.3825	-4.12404
Tip82	3	7.71585	-5.74073	-5.27967
Tip82	4	8.2332	-5.63615	-4.38985
Tip82	5	7.12765	-5.91104	-4.66247
Tip82	6	8.40652	-5.73014	-5.10403
Tip82	7	8.19308	-6.57374	-4.09501
Tip82	8	7.42977	-6.67537	-4.7423
Tip82	9	8.62407	-6.48165	-4.35222
Tip82	10	8.44685	-6.74914	-4.45033
Tip40	1	7.2098	-4.70817	-5.75796
Tip40	2	6.75054	-4.73482	-5.01658
Tip40	3	7.67368	-6.41036	-6.34225
Tip40	4	8.26839	-6.34706	-5.44665
Tip40	5	7.16635	-6.42954	-5.72798
Tip40	6	8.40831	-6.58633	-6.10611
Tip40	7	8.31038	-7.48456	-5.10217
Tip40	8	7.48582	-7.325	-5.85016
Tip40	9	8.6517	-7.41174	-5.34915
Tip40	10	8.52361	-7.68852	-5.45758
Tip52	1	6.73535	-4.72612	-5.11755
Tip52	2	6.31495	-4.75183	-4.36998
Tip52	3	7.1728	-6.33751	-5.53039
Tip52	4	7.7815	-6.26677	-4.60839
Tip52	5	6.60689	-6.38554	-4.93569
Tip52	6	7.95913	-6.46899	-5.27762
Tip52	7	7.79794	-7.27073	-4.30145
Tip52	8	6.90413	-7.17928	-5.00822
Tip52	9	8.17208	-7.19378	-4.52458
Tip52	10	8.02116	-7.46654	-4.64625
Tip49	1	6.97654	-5.68372	-5.75366
Tip49	2	6.59239	-5.67315	-5.04041
Tip49	3	7.4612	-7.55169	-6.50513
Tip49	4	7.92023	-7.44132	-5.61061
Tip49	5	6.82964	-7.63007	-5.92047
Tip49	6	8.14318	-7.71198	-6.27347
Tip49	7	7.87193	-8.43508	-5.30272
Tip49	8	7.07538	-8.43823	-6.04262
Tip49	9	8.26068	-8.30686	-5.50671
Tip49	10	8.12368	-8.61395	-5.64416
Tip63	1	6.51926	-5.63112	-5.68769
Tip63	2	6.10607	-5.58414	-4.91254
Tip63	3	6.75075	-7.56962	-6.36034
Tip63	4	7.17414	-7.49547	-5.42855
Tip63	5	6.18044	-7.5949	-5.81595
Tip63	6	7.43626	-7.82648	-6.06274
Tip63	7	7.21534	-8.55793	-5.17216
Tip63	8	6.46203	-8.48552	-5.88722
Tip63	9	7.58302	-8.44207	-5.32401
Tip63	10	7.47292	-8.74326	-5.48031
Tip67	1	6.05252	-5.25155	-4.31432
Tip67	2	5.72115	-5.23353	-3.5627
Tip67	3	6.22689	-7.4178	-4.69239
Tip67	4	6.8236	-7.25871	-3.88064
Tip67	5	5.72989	-7.38024	-4.09862
Tip67	6	6.98832	-7.65936	-4.46991
Tip67	7	6.90366	-8.3619	-3.41335
Tip67	8	6.00207	-8.33721	-4.08232
Tip67	9	7.24132	-8.24216	-3.64679
Tip67	10	7.17969	-8.61645	-3.79614
Tip97	1	5.05343	-6.90987	-5.02727
Tip97	2	4.78853	-6.95461	-4.18872
Tip97	3	5.4277	-9.34274	-5.58956
Tip97	4	6.07614	-9.33935	-4.70352
Tip97	5	4.89049	-9.27941	-5.03181
Tip97	6	6.30934	-9.71229	-5.34316
Tip97	7	6.29592	-10.5996	-4.26991
Tip97	8	5.31312	-10.4065	-5.06595
Tip97	9	6.66671	-10.4818	-4.49806
Tip97	10	6.6399	-10.8192	-4.64719
Tip86	1	5.53085	-7.27919	-5.09773
Tip86	2	5.1827	-7.22315	-4.22086
Tip86	3	5.99887	-9.65186	-5.85375
Tip86	4	6.6804	-9.63575	-5.0102
Tip86	5	5.38051	-9.49957	-5.28589
Tip86	6	7.00637	-10.034	-5.66828
Tip86	7	6.9688	-10.7912	-4.59948
Tip86	8	5.9086	-10.6757	-5.30111
Tip86	9	7.38501	-10.62	-4.82293
Tip86	10	7.38734	-10.9952	-4.93887
Tip87	1	5.72544	-7.53777	-5.17946
Tip87	2	5.42903	-7.55557	-4.35219
Tip87	3	5.81064	-10.055	-5.99882
Tip87	4	6.38813	-10.0312	-5.27777
Tip87	5	5.32673	-9.9201	-5.42254
Tip87	6	6.668	-10.308	-6.05557
Tip87	7	6.5648	-11.0673	-4.8819
Tip87	8	5.69401	-10.9178	-5.6432
Tip87	9	6.93965	-10.9472	-5.06698
Tip87	10	6.97424	-11.2411	-5.25312
Tip98	1	5.20525	-8.13006	-5.28275
Tip98	2	5.03253	-8.19359	-4.45433
Tip98	3	5.47655	-11.0167	-6.12452
Tip98	4	5.97422	-10.9915	-5.53454
Tip98	5	5.00711	-10.8227	-5.48945
Tip98	6	6.31971	-11.3847	-6.30623
Tip98	7	6.10823	-12.3291	-5.28766
Tip98	8	5.36844	-12.0461	-5.89045
Tip98	9	6.45567	-12.1947	-5.42854
Tip98	10	6.52079	-12.4603	-5.58929
Tip104	1	5.78052	-5.71845	-3.17591
Tip104	2	5.49985	-5.91799	-2.39445
Tip104	3	6.30548	-8.55157	-4.59011
Tip104	4	6.84388	-8.47355	-3.83785
Tip104	5	5.7687	-8.27101	-3.8349
Tip104	6	7.18608	-8.90259	-4.74964
Tip104	7	7.01323	-9.5836	-3.65322
Tip104	8	6.26935	-9.47948	-4.31903
Tip104	9	7.41693	-9.40765	-3.84577
Tip104	10	7.53298	-9.74299	-4.1004
Tip108	1	4.93078	-6.40969	-3.32052
Tip108	2	4.63245	-6.61517	-2.74265
Tip108	3	5.0693	-8.82244	-4.69383
Tip108	4	5.55032	-8.82807	-3.99958
Tip108	5	4.61506	-8.65954	-4.02745
Tip108	6	5.73953	-9.01755	-4.7546
Tip108	7	5.66905	-9.8361	-3.60653
Tip108	8	4.9059	-9.80081	-4.24995
Tip108	9	5.93939	-9.63168	-3.76075
Tip108	10	5.97268	-9.91336	-3.97567
Tip130	1	5.37003	-7.06107	-3.41788
Tip130	2	5.10813	-7.24724	-2.85972
Tip130	3	5.55823	-9.82825	-4.81142
Tip130	4	6.08008	-9.82844	-4.09344
Tip130	5	5.10693	-9.60565	-4.12661
Tip130	6	6.20804	-10.0674	-4.8684
Tip130	7	6.20028	-10.7913	-3.76121
Tip130	8	5.4128	-10.7654	-4.37523
Tip130	9	6.46241	-10.6133	-3.8997
Tip130	10	6.49943	-10.8965	-4.11458
Tip132	1	6.81978	-5.95841	-2.6038
Tip132	2	6.62145	-6.06445	-1.7149
Tip132	3	7.48797	-8.74433	-3.33277
Tip132	4	8.01303	-8.571	-2.6845
Tip132	5	7.16306	-8.56788	-2.83343
Tip132	6	8.24422	-9.00677	-3.32786
Tip132	7	8.21246	-9.89402	-2.51536
Tip132	8	7.35956	-9.91014	-3.10859
Tip132	9	8.59317	-9.78836	-2.63237
Tip132	10	8.69902	-10.1542	-2.8231
Tip102	1	4.68025	-7.01502	-2.49405
Tip102	2	4.48429	-6.90909	-1.7215
Tip102	3	4.87621	-9.93489	-2.95186
Tip102	4	5.35514	-9.82347	-2.20193
Tip102	5	4.58772	-9.74947	-2.40949
Tip102	6	5.67353	-10.2697	-2.90917
Tip102	7	5.67168	-10.8648	-1.91015
Tip102	8	4.77427	-10.8135	-2.57337
Tip102	9	6.02135	-10.8154	-2.07095
Tip102	10	6.04602	-11.1386	-2.34452
Tip138	1	4.28944	-7.2823	-2.17185
Tip138	2	4.06593	-7.20544	-1.35183
Tip138	3	4.78163	-10.1063	-2.88517
Tip138	4	5.43048	-9.93284	-2.22238
Tip138	5	4.47529	-9.95801	-2.23831
Tip138	6	5.70218	-10.3526	-3.10149
Tip138	7	5.89513	-10.8898	-2.18167
Tip138	8	4.7395	-10.9883	-2.57967
Tip138	9	6.27447	-10.7972	-2.41679
Tip138	10	6.35776	-11.1363	-2.64175
Tip131	1	4.93831	-7.39864	-3.21388
Tip131	2	4.71364	-7.43229	-2.43076
Tip131	3	5.16582	-10.306	-3.6489
Tip131	4	5.63358	-10.23	-2.923
Tip131	5	4.73064	-10.1369	-3.08401
Tip131	6	5.90979	-10.6049	-3.75758
Tip131	7	5.81566	-11.3994	-2.70979
Tip131	8	5.01261	-11.2216	-3.31395
Tip131	9	6.16355	-11.2653	-2.8746
Tip131	10	6.22773	-11.5963	-3.09007
Tip85	1	4.99728	-8.1017	-4.26744
Tip85	2	4.72508	-8.15042	-3.62478
Tip85	3	5.22503	-10.8057	-5.24621
Tip85	4	5.80827	-10.7128	-4.42168
Tip85	5	4.66186	-10.6818	-4.72573
Tip85	6	6.17236	-11.0463	-5.18671
Tip85	7	5.98706	-11.9129	-4.20751
Tip85	8	5.04539	-11.7639	-4.99117
Tip85	9	6.39764	-11.7641	-4.3535
Tip85	10	6.39978	-12.1081	-4.5502
Tip94	1	5.4808	-6.48246	-4.81657
Tip94	2	5.12431	-6.50022	-4.12166
Tip94	3	5.70651	-9.19075	-5.74285
Tip94	4	6.30807	-9.05327	-4.96757
Tip94	5	5.112	-9.00964	-5.15451
Tip94	6	6.71298	-9.52232	-5.63152
Tip94	7	6.48293	-10.4216	-4.57579
Tip94	8	5.63888	-10.2078	-5.36176
Tip94	9	6.86474	-10.3118	-4.7049
Tip94	10	6.86939	-10.6628	-4.88911
Tip112	1	4.83084	-8.33748	-4.96879
Tip112	2	4.59978	-8.44964	-4.29083
Tip112	3	4.63805	-11.2122	-6.16126
Tip112	4	5.2175	-11.245	-5.37884
Tip112	5	4.13351	-10.9861	-5.53228
Tip112	6	5.63296	-11.4503	-6.17923
Tip112	7	5.36108	-12.2751	-5.16917
Tip112	8	4.53526	-12.0604	-5.82982
Tip112	9	5.76361	-12.1382	-5.32563
Tip112	10	5.77466	-12.4456	-5.55889
Tip122	1	5.40279	-7.43224	-4.67263
Tip122	2	5.11954	-7.44739	-3.94719
Tip122	3	5.52937	-10.4087	-5.26735
Tip122	4	6.07505	-10.2595	-4.40899
Tip122	5	5.01795	-10.1967	-4.76335
Tip122	6	6.3268	-10.6854	-5.10445
Tip122	7	6.12483	-11.6563	-4.12757
Tip122	8	5.35023	-11.4765	-4.87986
Tip122	9	6.48541	-11.5537	-4.29914
Tip122	10	6.52354	-11.9527	-4.50801
Tip105	1	3.46942	-7.00979	-3.05808
Tip105	2	3.15195	-6.98923	-2.02014
Tip105	3	3.69603	-9.47547	-2.53794
Tip105	4	4.28965	-9.43995	-1.47459
Tip105	5	3.11332	-9.24429	-2.10037
Tip105	6	4.76417	-10.155	-1.99299
Tip105	7	4.84976	-11.3514	-0.50216
Tip105	8	3.8226	-10.7212	-1.67889
Tip105	9	5.19985	-11.2794	-0.707653
Tip105	10	5.23551	-11.6922	-0.771211
Tip118	1	4.23783	-6.52885	-2.15691
Tip118	2	3.97084	-6.51479	-1.06798
Tip118	3	4.33248	-8.68819	-1.28392
Tip118	4	5.08923	-8.5988	-0.197174
Tip118	5	3.79047	-8.53885	-0.836557
Tip118	6	5.4717	-9.24776	-0.70887
Tip118	7	5.47619	-10.3219	0.811643
Tip118	8	4.57968	-9.82524	-0.320805
Tip118	9	5.86145	-10.3166	0.629762
Tip118	10	5.90267	-10.7447	0.47131
Tip111	1	5.28177	-5.1	-4.33545
Tip111	2	5.02728	-4.91445	-3.32386
Tip111	3	5.63039	-6.93151	-3.89815
Tip111	4	6.53503	-6.71201	-2.99421
Tip111	5	5.07191	-6.78384	-3.47657
Tip111	6	6.87957	-7.32439	-3.2948
Tip111	7	6.82432	-8.25298	-1.70761
Tip111	8	5.96544	-7.74824	-2.9054
Tip111	9	7.20922	-8.26431	-1.9913
Tip111	10	7.20408	-8.73401	-2.07774
Tip123	1	4.39296	-5.40653	-3.15699
Tip123	2	4.18453	-5.27957	-2.10253
Tip123	3	4.92968	-7.3329	-2.35125
Tip123	4	5.91035	-7.18101	-1.24186
Tip123	5	4.31188	-7.22044	-1.89138
Tip123	6	6.37386	-7.86438	-1.59129
Tip123	7	6.60126	-8.92616	0.11644
Tip123	8	5.46959	-8.39857	-1.15105
Tip123	9	6.93421	-8.92206	-0.152944
Tip123	10	6.96726	-9.40396	-0.263503
Tip110	1	5.61884	-7.37936	-1.66352
Tip110	2	5.25028	-7.23305	-0.47282
Tip110	3	5.65643	-10.7262	-1.20258
Tip110	4	6.38328	-10.5837	0.014384
Tip110	5	4.97069	-10.5555	-0.962088
Tip110	6	6.86298	-11.2955	-0.673696
Tip110	7	6.82533	-12.3646	0.318539
Tip110	8	5.7201	-11.9542	-0.368728
Tip110	9	7.27032	-12.2401	0.185082
Tip110	10	7.22629	-12.5452	-0.0484998
Tip114	1	5.56392	-8.34491	-1.18499
Tip114	2	5.11996	-8.1827	-0.0213864
Tip114	3	5.1052	-11.9155	-0.948914
Tip114	4	5.67221	-11.8038	0.163432
Tip114	5	4.42503	-11.65	-0.56559
Tip114	6	6.08976	-12.4859	-0.514862
Tip114	7	6.10966	-13.3994	0.288153
Tip114	8	4.94505	-13.0271	-0.321765
Tip114	9	6.55546	-13.2846	0.18579
Tip114	10	6.5179	-13.5474	-0.0692746
Tip127	1	4.23125	-9.59922	-0.632676
Tip127	2	4.07808	-9.29357	0.527504
Tip127	3	3.98794	-13.3539	-0.264266
Tip127	4	4.67615	-13.2898	0.831169
Tip127	5	3.24289	-13.0174	0.105643
Tip127	6	5.15926	-13.9202	-0.0966593
Tip127	7	5.0321	-14.782	0.70028
Tip127	8	3.89213	-14.4611	0.256694
Tip127	9	5.46347	-14.5624	0.53562
Tip127	10	5.38551	-14.8351	0.263658
Tip116	1	7.20495	-6.11139	-1.9592
Tip116	2	6.86255	-5.70884	-0.834146
Tip116	3	7.63612	-9.91141	-2.00937
Tip116	4	8.21738	-9.58497	-0.822027
Tip116	5	6.82333	-9.68919	-1.6946
Tip116	6	8.7128	-10.3213	-1.5609
Tip116	7	8.67243	-11.1597	-0.624624
Tip116	8	7.64125	-11.113	-1.39303
Tip116	9	9.04481	-10.9121	-0.65352
Tip116	10	8.98707	-11.3205	-0.961387
Tip134	1	5.2936	-6.58066	-1.14014
Tip134	2	5.18068	-6.3478	0.00655417
Tip134	3	5.20313	-10.0712	-0.92575
Tip134	4	5.67302	-9.70304	0.2102
Tip134	5	4.50063	-9.93707	-0.67207
Tip134	6	6.1709	-10.4388	-0.405784
Tip134	7	6.32964	-11.232	0.657168
Tip134	8	5.25796	-11.2438	-0.287697
Tip134	9	6.70114	-10.9629	0.605578
Tip134	10	6.75223	-11.3785	0.362478
Tip139	1	5.85133	-6.04868	-1.83798
Tip139	2	5.53352	-5.64282	-0.700021
Tip139	3	5.59802	-9.63519	-1.73932
Tip139	4	5.98145	-9.19675	-0.63499
Tip139	5	4.8775	-9.47856	-1.39473
Tip139	6	6.52481	-10.0022	-1.32376
Tip139	7	6.52684	-11.1444	-0.449806
Tip139	8	5.45142	-11.0277	-1.21098
Tip139	9	6.92806	-10.868	-0.479403
Tip139	10	6.96278	-11.2808	-0.748404
Tip140	1	5.35406	-7.20785	-1.21766
Tip140	2	5.12811	-7.0025	-0.337838
Tip140	3	4.93312	-11.1175	-0.764451
Tip140	4	5.70169	-11.0385	0.123905
Tip140	5	4.29034	-10.842	-0.510857
Tip140	6	6.42256	-11.6967	-0.495942
Tip140	7	6.79487	-12.5838	0.274887
Tip140	8	5.27562	-12.3531	-0.123766
Tip140	9	7.17627	-12.3522	0.169268
Tip140	10	7.13962	-12.7014	-0.0372102
Tip117	1	5.80479	-6.71685	-1.00251
Tip117	2	5.26388	-6.66053	-0.0241173
Tip117	3	5.89374	-10.0582	-0.734895
Tip117	4	6.65186	-10.1391	0.589083
Tip117	5	5.10757	-9.72589	-0.507329
Tip117	6	7.30317	-10.708	-0.193021
Tip117	7	7.03046	-12.0086	0.877126
Tip117	8	5.84015	-11.3539	0.0632142
Tip117	9	7.58131	-11.8722	0.72679
Tip117	10	7.53189	-12.165	0.473277
Tip120	1	4.88876	-7.38429	-1.24733
Tip120	2	4.41386	-7.30222	-0.0683556
Tip120	3	4.33851	-11.1118	-0.745908
Tip120	4	5.01955	-10.9769	0.492631
Tip120	5	3.72539	-10.8154	-0.502359
Tip120	6	5.44176	-11.7089	-0.332928
Tip120	7	5.18358	-12.8594	0.479445
Tip120	8	4.20282	-12.323	-0.159853
Tip120	9	5.68913	-12.7438	0.357446
Tip120	10	5.65603	-13.081	0.0482389
Tip121	1	6.98715	-8.10942	-0.89686
Tip121	2	6.60797	-7.95395	0.364721
Tip121	3	7.55725	-11.5763	-0.184938
Tip121	4	8.27678	-11.38	0.968072
Tip121	5	6.72711	-11.2846	0.140518
Tip121	6	8.79398	-12.0543	0.0533958
Tip121	7	8.51491	-13.1636	0.98636
Tip121	8	7.44512	-12.7246	0.483825
Tip121	9	9.05808	-13.0075	0.834817
Tip121	10	8.99827	-13.2816	0.540574
Tip124	1	1.77904	-5.76513	-0.757626
Tip124	2	1.39644	-5.71619	0.0659897
Tip124	3	2.32334	-7.86029	-0.318693
Tip124	4	2.89733	-7.6801	0.716973
Tip124	5	1.59127	-7.68346	0.021096
Tip124	6	3.70569	-8.14321	0.0867624
Tip124	7	3.83178	-9.04533	1.2393
Tip124	8	2.73549	-8.67259	0.261913
Tip124	9	4.25406	-8.85086	1.1331
Tip124	10	4.37275	-9.27684	0.985042
Tip135	1	2.40242	-6.19027	-0.976216
Tip135	2	2.08312	-6.105	-0.177243
Tip135	3	2.98583	-8.44535	-0.760229
Tip135	4	3.60872	-8.35908	0.228136
Tip135	5	2.26961	-8.23886	-0.349905
Tip135	6	4.27719	-8.84895	-0.495177
Tip135	7	4.31608	-9.79608	0.619486
Tip135	8	3.35641	-9.34423	-0.337434
Tip135	9	4.73475	-9.60906	0.500404
Tip135	10	4.87494	-10.0029	0.38539
Tip126	1	2.86345	-6.09359	-2.55368
Tip126	2	2.60956	-6.05531	-1.59435
Tip126	3	3.26646	-8.11641	-2.43651
Tip126	4	3.6547	-7.956	-1.42887
Tip126	5	2.66815	-8.09731	-1.96965
Tip126	6	4.21728	-8.42092	-2.04288
Tip126	7	4.49246	-9.26764	-0.863914
Tip126	8	3.50942	-9.13039	-1.73634
Tip126	9	4.9109	-9.09584	-1.01215
Tip126	10	4.92307	-9.4617	-1.08701
Tip143	1	4.15012	-6.27136	-3.56247
Tip143	2	3.78984	-6.22225	-2.59743
Tip143	3	4.38817	-8.79022	-3.41666
Tip143	4	5.00467	-8.59795	-2.39585
Tip143	5	3.74769	-8.68169	-3.00286
Tip143	6	5.49559	-9.2765	-3.10496
Tip143	7	5.45988	-10.1177	-1.85832
Tip143	8	4.56411	-9.94885	-2.79645
Tip143	9	5.85485	-10.0493	-2.04226
Tip143	10	5.90633	-10.502	-2.17425
Tip101	1	6.57034	-8.51923	-4.27152
Tip101	2	6.26992	-8.43083	-3.56228
Tip101	3	7.26782	-10.8831	-5.16761
Tip101	4	7.91263	-11.0154	-4.52027
Tip101	5	6.60252	-10.7869	-4.54262
Tip101	6	8.20802	-11.2989	-5.17089
Tip101	7	8.15458	-12.1197	-4.31516
Tip101	8	7.01307	-11.8788	-4.71829
Tip101	9	8.54615	-12.046	-4.53162
Tip101	10	8.50978	-12.3773	-4.65933
Tip99	1	7.02944	-6.70765	-5.96598
Tip99	2	6.64556	-6.63023	-5.1177
Tip99	3	7.67423	-9.10459	-7.09277
Tip99	4	8.31101	-9.13406	-6.3559
Tip99	5	6.97669	-9.05202	-6.47564
Tip99	6	8.62628	-9.58022	-6.98254
Tip99	7	8.65051	-10.5297	-5.89423
Tip99	8	7.55286	-10.2602	-6.57605
Tip99	9	9.07165	-10.3929	-6.16333
Tip99	10	9.06916	-10.7773	-6.25304
Tip119	1	6.17653	-7.45492	-5.37947
Tip119	2	5.86178	-7.44092	-4.50442
Tip119	3	6.57948	-9.85559	-6.20088
Tip119	4	7.21121	-9.86577	-5.43313
Tip119	5	5.94137	-9.82069	-5.63451
Tip119	6	7.5315	-10.2554	-6.10251
Tip119	7	7.56329	-11.2358	-4.99315
Tip119	8	6.48149	-10.9911	-5.65156
Tip119	9	8.01631	-11.0733	-5.25603
Tip119	10	8.02881	-11.4581	-5.39759
Tip80	1	6.49045	-5.41808	-5.54181
Tip80	2	6.16775	-5.36579	-4.76706
Tip80	3	7.29955	-7.6852	-6.12894
Tip80	4	7.82261	-7.48	-5.21841
Tip80	5	6.76763	-7.64127	-5.66092
Tip80	6	8.07564	-7.90095	-5.90002
Tip80	7	7.98977	-8.49847	-4.91088
Tip80	8	7.12711	-8.49348	-5.65143
Tip80	9	8.35636	-8.45076	-5.13903
Tip80	10	8.32378	-8.76499	-5.26979
Tip95	1	5.80376	-4.98434	-5.54681
Tip95	2	5.47178	-4.9759	-4.81987
Tip95	3	6.50916	-6.88899	-6.25699
Tip95	4	7.07773	-6.65938	-5.37232
Tip95	5	6.00607	-6.92717	-5.81402
Tip95	6	7.37577	-7.05633	-6.07744
Tip95	7	7.34659	-7.63253	-5.18044
Tip95	8	6.37629	-7.63304	-5.85236
Tip95	9	7.70291	-7.59364	-5.4105
Tip95	10	7.67931	-7.90722	-5.58234
Tip107	1	6.1025	-3.92907	-5.63247
Tip107	2	5.74712	-3.9316	-4.98462
Tip107	3	6.78029	-5.98471	-6.06645
Tip107	4	7.33398	-5.77769	-5.1657
Tip107	5	6.27048	-6.00498	-5.74361
Tip107	6	7.71058	-6.22019	-5.77719
Tip107	7	7.66301	-6.8225	-5.00351
Tip107	8	6.66044	-6.7399	-5.72755
Tip107	9	8.01625	-6.83833	-5.20433
Tip107	10	7.97824	-7.13833	-5.38478
Tip84	1	7.40121	-6.68343	-5.31246
Tip84	2	7.12127	-6.64413	-4.5431
Tip84	3	8.02889	-8.42782	-5.79695
Tip84	4	8.4928	-8.30295	-4.95995
Tip84	5	7.50068	-8.45694	-5.27016
Tip84	6	8.78789	-8.64695	-5.56142
Tip84	7	8.65255	-9.35905	-4.56986
Tip84	8	7.9236	-9.31268	-5.23954
Tip84	9	9.01145	-9.24471	-4.78645
Tip84	10	8.94147	-9.53867	-4.89581
Tip74	1	6.90816	-6.88069	-5.06197
Tip74	2	6.55156	-6.89877	-4.28935
Tip74	3	7.57836	-8.756	-5.46868
Tip74	4	8.03247	-8.61337	-4.6143
Tip74	5	7.00821	-8.86622	-4.92189
Tip74	6	8.3884	-8.95519	-5.2003
Tip74	7	8.23186	-9.54628	-4.18074
Tip74	8	7.48936	-9.68454	-4.92296
Tip74	9	8.6101	-9.39342	-4.37965
Tip74	10	8.54521	-9.68949	-4.45739
Tip89	1	7.95293	-7.53861	-6.06109
Tip89	2	7.69	-7.32383	-5.29721
Tip89	3	8.51027	-9.29165	-6.35792
Tip89	4	9.08429	-9.31947	-5.51275
Tip89	5	7.97945	-9.32985	-5.82201
Tip89	6	9.35881	-9.62882	-6.14948
Tip89	7	9.27544	-10.3869	-5.06566
Tip89	8	8.41626	-10.2757	-5.77646
Tip89	9	9.67133	-10.2361	-5.3166
Tip89	10	9.57053	-10.5573	-5.42566
Tip128	1	7.28982	-5.80842	-5.02836
Tip128	2	7.08633	-5.73182	-4.3596
Tip128	3	7.73338	-7.38823	-5.3192
Tip128	4	8.15585	-7.31607	-4.50142
Tip128	5	7.23	-7.4827	-4.84154
Tip128	6	8.41948	-7.6415	-5.18644
Tip128	7	8.42455	-8.63291	-4.34265
Tip128	8	7.57015	-8.61697	-4.9162
Tip128	9	8.82199	-8.4318	-4.46323
Tip128	10	8.76005	-8.75084	-4.62505
Tip103	1	7.22021	-5.57501	-5.57662
Tip103	2	6.94785	-5.47524	-4.90102
Tip103	3	7.4416	-7.20227	-6.16794
Tip103	4	7.95728	-7.17127	-5.35061
Tip103	5	7.02678	-7.26146	-5.67461
Tip103	6	8.10078	-7.44943	-5.8826
Tip103	7	7.96079	-8.28517	-4.91335
Tip103	8	7.2035	-8.12837	-5.55654
Tip103	9	8.28557	-8.1346	-5.1713
Tip103	10	8.1717	-8.48187	-5.2534
Tip91	1	6.33785	-4.41163	-6.52131
Tip91	2	5.92019	-4.45493	-5.74024
Tip91	3	6.81006	-6.2341	-7.16956
Tip91	4	7.3418	-6.14448	-6.23219
Tip91	5	6.20614	-6.30083	-6.48229
Tip91	6	7.58958	-6.41574	-6.95346
Tip91	7	7.38773	-7.11034	-5.86317
Tip91	8	6.54681	-7.15801	-6.5676
Tip91	9	7.83484	-7.06147	-6.13113
Tip91	10	7.68607	-7.34046	-6.25844
Tip93	1	6.72201	-4.6515	-5.14798
Tip93	2	6.31871	-4.66406	-4.33448
Tip93	3	7.14689	-6.11457	-5.46971
Tip93	4	7.80896	-5.88602	-4.49548
Tip93	5	6.58211	-6.23947	-4.80957
Tip93	6	7.9274	-6.0708	-5.21965
Tip93	7	7.91739	-6.73813	-4.12792
Tip93	8	6.96013	-6.90888	-4.86672
Tip93	9	8.40673	-6.67865	-4.42195
Tip93	10	8.22537	-6.94666	-4.49773
Tip109	1	8.79261	-5.53675	-7.44492
Tip109	2	8.40597	-5.66331	-6.65974
Tip109	3	9.04878	-7.12358	-8.0669
Tip109	4	9.51265	-7.08846	-7.21625
Tip109	5	8.53161	-7.38716	-7.45177
Tip109	6	9.56608	-7.40739	-7.74217
Tip109	7	9.30592	-8.32459	-6.8757
Tip109	8	8.69008	-8.3322	-7.39078
Tip109	9	9.66903	-8.13572	-7.06511
Tip109	10	9.47743	-8.44038	-7.096
Tip53	1	8.15254	-3.63752	-5.53268
Tip53	2	7.74209	-3.65716	-4.84055
Tip53	3	8.8595	-5.28007	-5.91103
Tip53	4	9.4664	-5.15368	-5.10527
Tip53	5	8.33992	-5.33581	-5.36184
Tip53	6	9.60695	-5.34701	-5.73467
Tip53	7	9.49881	-6.17687	-4.77295
Tip53	8	8.64865	-6.15125	-5.43674
Tip53	9	9.8688	-6.09089	-5.00423
Tip53	10	9.67536	-6.38488	-5.08816
Tip70	1	7.5823	-3.94012	-5.7119
Tip70	2	7.1966	-3.97164	-4.95233
Tip70	3	8.3273	-5.65634	-6.02222
Tip70	4	8.95135	-5.45921	-5.18657
Tip70	5	7.74477	-5.72611	-5.47152
Tip70	6	9.1103	-5.66368	-5.79441
Tip70	7	9.03207	-6.42576	-4.8392
Tip70	8	8.08388	-6.48337	-5.49834
Tip70	9	9.47141	-6.34883	-5.05384
Tip70	10	9.26604	-6.63782	-5.16229
Tip37	1	8.36141	-3.03155	-5.86697
Tip37	2	8.03195	-3.06028	-5.15765
Tip37	3	8.99452	-4.18164	-6.21646
Tip37	4	9.56996	-4.15037	-5.38185
Tip37	5	8.44358	-4.33068	-5.7168
Tip37	6	9.73009	-4.27062	-5.93281
Tip37	7	9.53955	-5.05938	-4.98848
Tip37	8	8.72666	-5.03921	-5.66729
Tip37	9	9.98086	-4.96233	-5.24233
Tip37	10	9.77693	-5.20212	-5.36488
Tip26	1	7.67152	-4.3191	-2.88881
Tip26	2	7.32937	-4.40045	-2.29318
Tip26	3	8.60064	-5.48384	-3.07373
Tip26	4	9.02925	-5.28623	-2.34461
Tip26	5	8.08819	-5.551	-2.68044
Tip26	6	9.25242	-5.4263	-2.98789
Tip26	7	9.11185	-6.08571	-2.07926
Tip26	8	8.51172	-6.15051	-2.78911
Tip26	9	9.53758	-5.96304	-2.33234
Tip26	10	9.38958	-6.19733	-2.43481
Tip55	1	6.07259	-4.2279	-3.05625
Tip55	2	5.76373	-4.33597	-2.40374
Tip55	3	6.70879	-5.25248	-3.21183
Tip55	4	7.1112	-5.03594	-2.48252
Tip55	5	6.29462	-5.35118	-2.78127
Tip55	6	7.28962	-5.13009	-3.1783
Tip55	7	7.1055	-5.87363	-2.20629
Tip55	8	6.56276	-5.92635	-2.92
Tip55	9	7.4498	-5.73854	-2.45967
Tip55	10	7.32799	-6.01004	-2.54332
Tip81	1	6.3664	-1.98545	-2.80761
Tip81	2	5.99644	-2.14501	-2.15288
Tip81	3	7.13995	-3.13787	-2.97752
Tip81	4	7.52059	-2.86885	-2.29227
Tip81	5	6.73434	-3.18069	-2.56568
Tip81	6	7.68164	-3.03831	-2.92785
Tip81	7	7.60341	-3.63662	-1.94844
Tip81	8	7.04674	-3.83116	-2.70305
Tip81	9	7.95238	-3.52561	-2.20143
Tip81	10	7.82481	-3.79566	-2.28644
Tip50	1	6.60684	-3.05615	-3.09984
Tip50	2	6.28425	-3.12896	-2.51801
Tip50	3	7.1336	-4.23464	-3.41282
Tip50	4	7.56666	-3.97195	-2.6169
Tip50	5	6.68082	-4.3143	-3.00203
Tip50	6	7.75919	-4.16491	-3.31706
Tip50	7	7.52839	-4.79443	-2.40073
Tip50	8	6.89391	-4.99699	-3.21175
Tip50	9	7.90176	-4.7132	-2.61385
Tip50	10	7.72913	-4.9792	-2.77665
Tip61	1	6.60327	-3.3377	-3.49222
Tip61	2	6.32713	-3.32339	-2.90629
Tip61	3	7.34615	-4.54813	-3.88056
Tip61	4	7.78352	-4.28412	-3.24121
Tip61	5	6.91165	-4.55979	-3.46954
Tip61	6	8.01201	-4.49052	-3.902
Tip61	7	7.79267	-4.89714	-2.91881
Tip61	8	7.1614	-5.12376	-3.62963
Tip61	9	8.13268	-4.88904	-3.19446
Tip61	10	7.99644	-5.09115	-3.30608
Tip64	1	5.40976	-2.4875	-2.20779
Tip64	2	5.17642	-2.61726	-1.48057
Tip64	3	6.09653	-3.43453	-2.77368
Tip64	4	6.58721	-3.30291	-1.84908
Tip64	5	5.56808	-3.51696	-2.2641
Tip64	6	6.80247	-3.44255	-2.69346
Tip64	7	6.49467	-4.13681	-1.604
Tip64	8	5.86736	-4.06223	-2.47761
Tip64	9	6.9682	-4.01533	-1.82097
Tip64	10	6.71283	-4.23654	-2.0018
Tip125	1	6.45174	-2.23708	-2.74217
Tip125	2	6.10516	-2.34467	-2.13212
Tip125	3	6.89602	-3.4099	-3.04939
Tip125	4	7.39491	-3.15263	-2.18651
Tip125	5	6.49636	-3.44479	-2.71787
Tip125	6	7.54077	-3.37755	-2.90456
Tip125	7	7.25879	-3.90297	-1.97692
Tip125	8	6.63586	-3.9777	-2.8662
Tip125	9	7.65911	-3.82803	-2.11774
Tip125	10	7.44447	-4.01481	-2.32139
Tip58	1	6.90943	-1.83519	-3.15005
Tip58	2	6.58516	-1.90603	-2.58625
Tip58	3	7.53799	-3.10314	-3.50149
Tip58	4	8.01204	-2.68251	-2.76955
Tip58	5	7.08518	-3.13144	-3.23635
Tip58	6	8.12573	-3.10571	-3.38056
Tip58	7	7.95434	-3.5718	-2.53468
Tip58	8	7.36258	-3.77919	-3.36805
Tip58	9	8.27863	-3.45793	-2.67501
Tip58	10	8.11425	-3.75282	-2.89697
Tip129	1	5.59597	-3.78273	-2.44817
Tip129	2	5.33992	-3.76461	-1.76316
Tip129	3	5.87363	-5.12152	-2.8447
Tip129	4	6.52572	-4.86967	-2.00268
Tip129	5	5.46074	-5.07671	-2.51766
Tip129	6	6.46661	-5.24721	-2.58496
Tip129	7	6.42326	-5.70282	-1.52121
Tip129	8	5.58484	-5.66999	-2.71634
Tip129	9	6.69761	-5.65254	-1.68782
Tip129	10	6.43427	-5.89525	-1.94973
Tip73	1	6.1167	-2.60878	-4.32363
Tip73	2	5.82946	-2.70247	-3.70558
Tip73	3	6.60165	-3.76733	-4.65104
Tip73	4	7.05698	-3.56887	-3.90703
Tip73	5	6.21776	-3.83542	-4.20495
Tip73	6	7.21323	-3.74983	-4.56549
Tip73	7	7.07255	-4.38738	-3.56518
Tip73	8	6.47494	-4.54372	-4.3457
Tip73	9	7.4048	-4.34171	-3.81333
Tip73	10	7.25438	-4.57333	-3.94003
Tip10	1	5.64326	-3.10235	-3.78602
Tip10	2	5.37458	-3.17862	-3.17214
Tip10	3	6.04581	-4.41574	-4.19099
Tip10	4	6.4909	-4.22888	-3.40975
Tip10	5	5.67414	-4.4497	-3.78292
Tip10	6	6.63358	-4.41789	-4.10521
Tip10	7	6.53535	-5.1514	-3.11597
Tip10	8	5.91314	-5.2086	-4.04499
Tip10	9	6.86347	-5.10057	-3.34113
Tip10	10	6.70793	-5.35035	-3.5432
Tip65	1	5.64073	-4.03184	-4.50378
Tip65	2	5.33598	-4.18102	-3.91169
Tip65	3	6.12194	-5.14048	-4.91841
Tip65	4	6.50864	-4.92043	-4.2105
Tip65	5	5.77992	-5.29485	-4.48719
Tip65	6	6.64373	-5.07697	-4.92263
Tip65	7	6.43654	-5.83174	-3.9925
Tip65	8	5.93083	-5.9923	-4.89416
Tip65	9	6.76344	-5.72963	-4.27198
Tip65	10	6.6091	-6.0313	-4.47094
Tip16	1	5.09173	-3.98774	-4.33199
Tip16	2	4.73403	-4.13621	-3.67339
Tip16	3	5.49751	-5.29318	-4.74255
Tip16	4	5.80614	-5.04392	-4.06628
Tip16	5	5.02788	-5.40168	-4.31754
Tip16	6	6.06732	-5.26936	-4.73903
Tip16	7	5.68189	-5.98278	-3.86954
Tip16	8	5.24094	-6.14651	-4.6331
Tip16	9	6.06002	-5.94382	-4.14796
Tip16	10	5.88458	-6.22469	-4.277
Tip88	1	5.03818	-3.75302	-3.1706
Tip88	2	4.78713	-3.73493	-2.50914
Tip88	3	5.61599	-5.20225	-3.61872
Tip88	4	5.95514	-4.90575	-2.9453
Tip88	5	5.07804	-5.21654	-3.1249
Tip88	6	6.21952	-5.27137	-3.59468
Tip88	7	5.87825	-5.98233	-2.59163
Tip88	8	5.45087	-6.06788	-3.41694
Tip88	9	6.28927	-5.99081	-2.8782
Tip88	10	6.0973	-6.24222	-3.04006
Tip19	1	7.06332	-2.77048	-4.4105
Tip19	2	6.78855	-2.85611	-3.66561
Tip19	3	7.69703	-3.91974	-5.05913
Tip19	4	8.04547	-3.61191	-4.31083
Tip19	5	7.15159	-3.98309	-4.49407
Tip19	6	8.23492	-3.89235	-5.06914
Tip19	7	7.8377	-4.45282	-3.97842
Tip19	8	7.43185	-4.64799	-4.836
Tip19	9	8.31596	-4.42279	-4.30908
Tip19	10	8.09249	-4.65016	-4.4384
Tip15	1	5.8295	-3.01996	-4.18187
Tip15	2	5.60043	-3.11151	-3.5291
Tip15	3	6.3498	-4.09667	-4.75377
Tip15	4	6.74581	-3.83755	-4.08079
Tip15	5	5.80607	-4.15518	-4.3322
Tip15	6	6.94401	-4.03443	-4.76037
Tip15	7	6.51888	-4.74997	-3.78809
Tip15	8	6.15334	-4.84925	-4.64657
Tip15	9	7.02392	-4.64065	-4.13332
Tip15	10	6.78698	-4.88185	-4.25134
Tip6	1	4.96701	-3.87003	-1.82709
Tip6	2	4.63606	-3.95239	-1.23538
Tip6	3	5.50433	-4.4779	-2.44136
Tip6	4	5.87699	-4.39653	-1.71508
Tip6	5	4.93083	-4.75699	-1.76283
Tip6	6	6.28905	-4.48763	-2.41031
Tip6	7	5.74492	-5.02359	-1.46392
Tip6	8	5.23214	-5.15306	-2.24605
Tip6	9	6.40999	-4.94527	-1.76865
Tip6	10	6.047	-5.16355	-1.91555
Tip28	1	6.12343	-4.14872	-2.61483
Tip28	2	5.73124	-4.16469	-2.06528
Tip28	3	6.74666	-4.97285	-3.13255
Tip28	4	7.14201	-4.75381	-2.43255
Tip28	5	6.02607	-5.05992	-2.58113
Tip28	6	7.40612	-4.91286	-3.18097
Tip28	7	6.90713	-5.46256	-2.12296
Tip28	8	6.50798	-5.54311	-3.00771
Tip28	9	7.54957	-5.37387	-2.52769
Tip28	10	7.27571	-5.61258	-2.63201
Tip96	1	4.27058	-2.61587	-2.08068
Tip96	2	3.90677	-2.70249	-1.5995
Tip96	3	4.73633	-3.57944	-2.55994
Tip96	4	5.16011	-3.36467	-1.80217
Tip96	5	3.98792	-3.52621	-2.06388
Tip96	6	5.47054	-3.46735	-2.602
Tip96	7	4.91754	-4.1284	-1.61455
Tip96	8	4.55253	-4.12353	-2.51213
Tip96	9	5.61103	-4.03994	-1.981
Tip96	10	5.27358	-4.23705	-2.07654
Tip3	1	4.8919	-3.94769	-1.39917
Tip3	2	4.51656	-4.06418	-0.923883
Tip3	3	5.44025	-5.0205	-2.05875
Tip3	4	5.8553	-4.62389	-1.39755
Tip3	5	4.71274	-5.01395	-1.44934
Tip3	6	6.09364	-4.93071	-2.28375
Tip3	7	5.66607	-5.50165	-1.15389
Tip3	8	5.35259	-5.63108	-2.01039
Tip3	9	6.31655	-5.42325	-1.63449
Tip3	10	6.05138	-5.70497	-1.72328
Tip29	1	1.88788	-4.8527	-1.37562
Tip29	2	1.49195	-4.91391	-0.913311
Tip29	3	2.08845	-5.80287	-1.98957
Tip29	4	2.50168	-5.50894	-1.38422
Tip29	5	1.37754	-6.0427	-1.43989
Tip29	6	2.90345	-5.59559	-2.12455
Tip29	7	2.10012	-6.31888	-0.951602
Tip29	8	2.04335	-6.38312	-1.94218
Tip29	9	2.93043	-6.10362	-1.60994
Tip29	10	2.56206	-6.38116	-1.67134
Tip59	1	1.41872	-4.02655	-0.264738
Tip59	2	1.12282	-4.12392	0.14691
Tip59	3	1.60193	-4.99768	-0.681812
Tip59	4	2.14243	-4.75721	-0.130329
Tip59	5	1.13936	-5.27922	-0.152196
Tip59	6	2.60433	-4.9364	-0.825663
Tip59	7	2.13561	-5.65337	0.371054
Tip59	8	1.75021	-5.78301	-0.600235
Tip59	9	2.90542	-5.48504	-0.314812
Tip59	10	2.49346	-5.78298	-0.324051
Tip83	1	2.18835	-3.70899	-2.17801
Tip83	2	1.7849	-3.83577	-1.67729
Tip83	3	2.32553	-4.68023	-2.85993
Tip83	4	2.88798	-4.39115	-2.24533
Tip83	5	1.6887	-4.94304	-2.2533
Tip83	6	3.22817	-4.56461	-2.99286
Tip83	7	2.52044	-5.29617	-1.82281
Tip83	8	2.31574	-5.37575	-2.83888
Tip83	9	3.34243	-5.053	-2.48553
Tip83	10	2.96154	-5.38338	-2.5817
Tip39	1	3.48638	-3.01434	-0.51061
Tip39	2	3.12255	-3.0342	-0.0635261
Tip39	3	3.98205	-3.85327	-1.06743
Tip39	4	4.58102	-3.6562	-0.473744
Tip39	5	3.16502	-3.99173	-0.35066
Tip39	6	4.91275	-3.85252	-1.49058
Tip39	7	4.31983	-4.40472	-0.077657
Tip39	8	3.9223	-4.45442	-1.00794
Tip39	9	5.07832	-4.37786	-0.839781
Tip39	10	4.76677	-4.65938	-0.815832
Tip1	1	3.30377	-2.83488	-0.460254
Tip1	2	2.97986	-2.79304	-0.00828705
Tip1	3	3.82226	-3.75827	-0.893687
Tip1	4	4.53867	-3.52464	-0.233616
Tip1	5	2.94162	-3.82398	-0.321715
Tip1	6	4.78972	-3.77078	-1.20646
Tip1	7	4.28347	-4.24142	0.0432688
Tip1	8	3.83842	-4.33295	-0.830445
Tip1	9	5.10908	-4.15172	-0.659738
Tip1	10	4.85302	-4.4189	-0.656679
Tip60	1	3.16119	-5.96662	0.515315
Tip60	2	2.77415	-6.02551	1.06268
Tip60	3	3.58048	-7.27769	0.230657
Tip60	4	4.38109	-6.82251	0.998619
Tip60	5	2.75504	-6.95856	1.02819
Tip60	6	4.41567	-7.54276	-0.515761
Tip60	7	4.10663	-7.68492	1.31952
Tip60	8	3.50511	-7.92822	0.367177
Tip60	9	4.75511	-7.82413	0.257711
Tip60	10	4.44114	-8.01897	0.39181
Tip68	1	4.76145	-5.42278	1.9812
Tip68	2	4.31597	-5.45073	2.4439
Tip68	3	5.57498	-6.84043	1.7646
Tip68	4	6.0836	-6.42103	2.21193
Tip68	5	4.47974	-6.50826	2.37938
Tip68	6	6.36763	-7.08399	1.06286
Tip68	7	5.79749	-7.25885	2.39499
Tip68	8	5.4759	-7.52928	1.72642
Tip68	9	6.59499	-7.47417	1.57049
Tip68	10	6.30658	-7.72985	1.59263
Tip12	1	2.94779	-2.09581	0.549506
Tip12	2	2.62053	-2.12996	1.11621
Tip12	3	3.43292	-3.08009	0.0427236
Tip12	4	4.08067	-2.84103	0.72711
Tip12	5	2.60081	-3.01326	0.835988
Tip12	6	4.36016	-3.35293	-0.479298
Tip12	7	3.85312	-3.58544	1.06494
Tip12	8	3.4241	-3.69959	0.164246
Tip12	9	4.62715	-3.76591	0.170381
Tip12	10	4.325	-4.00383	0.206193
Paranthropus_boisei	1	5.84337	-0.0987174	0.674724
Paranthropus_boisei	2	5.34882	-0.403393	1.34186
Paranthropus_boisei	3	6.45468	-1.02168	0.380704
Paranthropus_boisei	4	6.98296	-0.801725	1.3059
Paranthropus_boisei	5	5.59722	-1.25056	1.03563
Paranthropus_boisei	6	7.32155	-1.14054	0.186085
Paranthropus_boisei	7	6.79588	-1.57143	1.61688
Paranthropus_boisei	8	6.31338	-1.75048	0.509515
Paranthropus_boisei	9	7.51996	-1.57879	0.841556
Paranthropus_boisei	10	7.31292	-1.90164	0.809802
Tip0	1	4.40065	0.978251	1.53186
Tip0	2	4.08494	0.782786	2.18454
Tip0	3	5.10062	0.290359	1.19054
Tip0	4	5.76309	0.694621	1.90401
Tip0	5	4.34887	0.0317693	1.92568
Tip0	6	6.02253	0.358363	0.937601
Tip0	7	5.52955	-0.00128423	2.24568
Tip0	8	5.0642	-0.303379	1.25745
Tip0	9	6.24067	-0.0196364	1.43423
Tip0	10	6.0184	-0.31553	1.40795
Paranthropus_aethiopicus	1	5.55415	2.28371	0.333229
Paranthropus_aethiopicus	2	5.01207	2.09974	1.03712
Paranthropus_aethiopicus	3	5.63018	1.09712	0.0131624
Paranthropus_aethiopicus	4	6.27337	1.67872	1.19979
Paranthropus_aethiopicus	5	4.97475	0.85639	0.511177
Paranthropus_aethiopicus	6	6.27568	0.786795	0.0452549
Paranthropus_aethiopicus	7	5.8248	0.522099	1.29692
Paranthropus_aethiopicus	8	5.39005	0.158209	0.0144029
Paranthropus_aethiopicus	9	6.60017	0.383965	0.705063
Paranthropus_aethiopicus	10	6.24405	0.0532616	0.567391
Homo_rudolfensis	1	5.97115	6.25019	-2.89773
Homo_rudolfensis	2	5.36433	6.06776	-2.22993
Homo_rudolfensis	3	6.61661	5.382	-4.06873
Homo_rudolfensis	4	6.59144	5.59054	-2.60675
Homo_rudolfensis	5	5.76101	5.31299	-3.29432
Homo_rudolfensis	6	7.27914	4.78205	-4.12247
Homo_rudolfensis	7	6.34575	4.94649	-2.58379
Homo_rudolfensis	8	6.42443	4.5667	-4.04965
Homo_rudolfensis	9	7.67731	4.39787	-3.75619
Homo_rudolfensis	10	7.1911	4.14365	-3.8281
Kenyanthropus_platyops	1	4.33128	6.26145	-2.47148
Kenyanthropus_platyops	2	3.83818	5.99749	-1.78522
Kenyanthropus_platyops	3	4.70138	5.47757	-3.42732
Kenyanthropus_platyops	4	5.02162	5.50278	-2.10918
Kenyanthropus_platyops	5	3.97175	5.375	-2.77208
Kenyanthropus_platyops	6	5.29792	4.81417	-3.53017
Kenyanthropus_platyops	7	4.63473	4.91902	-1.98972
Kenyanthropus_platyops	8	4.52659	4.53076	-3.45449
Kenyanthropus_platyops	9	5.71884	4.3637	-3.13818
Kenyanthropus_platyops	10	5.26654	4.11453	-3.27306
Australopithecus_africanus	1	2.23754	6.67213	-2.60692
Australopithecus_africanus	2	1.745	6.42565	-2.06324
Australopithecus_africanus	3	2.31754	5.62489	-3.93433
Australopithecus_africanus	4	2.76944	6.04852	-2.17978
Australopithecus_africanus	5	1.72063	5.63566	-3.27859
Australopithecus_africanus	6	2.89973	5.3237	-3.74013
Australopithecus_africanus	7	2.28834	5.37027	-2.124
Australopithecus_africanus	8	2.06447	4.84888	-4.01069
Australopithecus_africanus	9	2.99357	4.74301	-3.30063
Australopithecus_africanus	10	2.56445	4.43179	-3.60572
Australopithecus_sediba	1	5.50356	6.17424	-1.49197
Australopithecus_sediba	2	4.98979	5.97823	-1.00408
Australopithecus_sediba	3	5.98893	5.17147	-2.09678
Australopithecus_sediba	4	6.26702	5.36165	-0.807655
Australopithecus_sediba	5	5.17222	5.19886	-1.7169
Australopithecus_sediba	6	6.71472	4.59678	-1.87327
Australopithecus_sediba	7	5.67063	4.70425	-0.678831
Australopithecus_sediba	8	5.75724	4.36604	-2.14367
Australopithecus_sediba	9	6.8019	4.11621	-1.3335
Australopithecus_sediba	10	6.40689	3.90803	-1.5955
Tip45	1	0.223929	6.89666	-4.02198
Tip45	2	-0.140341	6.56193	-3.56279
Tip45	3	0.608789	5.8915	-4.8044
Tip45	4	0.852528	5.8723	-3.41772
Tip45	5	-0.145035	5.90487	-4.28645
Tip45	6	1.32271	4.94376	-4.33492
Tip45	7	0.386178	5.24285	-3.1222
Tip45	8	0.484356	4.86253	-4.44705
Tip45	9	1.59359	4.39906	-3.7155
Tip45	10	1.24077	4.15721	-3.86095
Homo_habilis	1	2.76362	7.81101	-4.27835
Homo_habilis	2	2.54893	7.45696	-3.658
Homo_habilis	3	3.12311	6.77175	-5.04023
Homo_habilis	4	3.56254	6.71292	-3.74328
Homo_habilis	5	2.54919	6.6731	-4.48944
Homo_habilis	6	3.8135	5.79692	-4.73157
Homo_habilis	7	2.9768	6.04928	-3.37935
Homo_habilis	8	2.98101	5.67326	-4.84613
Homo_habilis	9	3.9487	5.11833	-4.1023
Homo_habilis	10	3.64616	4.92311	-4.28814
Homo_ergaster	1	-0.38042	7.74072	-3.6016
Homo_ergaster	2	-0.794455	7.46623	-3.10767
Homo_ergaster	3	-0.166333	6.41177	-4.12357
Homo_ergaster	4	-0.0916422	6.66602	-2.94541
Homo_ergaster	5	-0.991563	6.51019	-3.68607
Homo_ergaster	6	0.581329	4.98972	-3.92543
Homo_ergaster	7	-0.574227	5.84511	-2.55562
Homo_ergaster	8	-0.316814	5.01838	-4.0365
Homo_ergaster	9	0.731245	4.34411	-3.20854
Homo_ergaster	10	0.321255	4.11876	-3.35558
Tip32	1	-2.07262	7.9385	-0.070467
Tip32	2	-2.78774	7.92534	0.35153
Tip32	3	-2.01156	6.6529	-0.386372
Tip32	4	-1.88799	6.83846	0.685653
Tip32	5	-2.84688	6.93347	0.106662
Tip32	6	-1.27393	5.30292	-0.408568
Tip32	7	-2.43519	6.31293	1.04111
Tip32	8	-2.24325	5.5693	-0.318758
Tip32	9	-0.95519	4.86855	0.212552
Tip32	10	-1.41408	4.68404	0.240289
Homo_sapiens	1	-2.18464	8.91491	0.379127
Homo_sapiens	2	-2.84396	8.75634	0.811963
Homo_sapiens	3	-2.26686	7.48822	-0.0703309
Homo_sapiens	4	-2.06183	7.85122	1.11452
Homo_sapiens	5	-3.00607	7.62223	0.422353
Homo_sapiens	6	-1.65516	6.35884	0.0493519
Homo_sapiens	7	-2.6557	7.20847	1.3297
Homo_sapiens	8	-2.59785	6.31866	-0.138176
Homo_sapiens	9	-1.31168	6.0731	0.623592
Homo_sapiens	10	-1.79974	5.77453	0.57314
Tip44	1	-1.8431	4.39629	-1.05334
Tip44	2	-2.43187	4.11114	-0.543981
Tip44	3	-1.83293	2.85469	-1.32208
Tip44	4	-1.78681	3.13181	-0.232472
Tip44	5	-2.62894	3.02863	-0.940036
Tip44	6	-1.34614	1.98757	-1.09793
Tip44	7	-2.4074	2.62091	0.157528
Tip44	8	-2.09536	1.9423	-1.30245
Tip44	9	-1.18541	1.5749	-0.356869
Tip44	10	-1.65783	1.43248	-0.543874
Tip7	1	0.514594	8.30828	-2.3795
Tip7	2	-0.12444	8.12986	-1.84187
Tip7	3	0.692192	7.102	-2.63002
Tip7	4	0.790998	7.38335	-1.57323
Tip7	5	-0.204317	7.22651	-2.36206
Tip7	6	1.30044	6.0533	-2.41725
Tip7	7	0.100739	6.59451	-1.19731
Tip7	8	0.376823	6.04214	-2.54086
Tip7	9	1.37647	5.3514	-1.73711
Tip7	10	0.908459	5.06182	-1.93442
Australopithecus_garhi	1	3.13834	5.27281	-0.620555
Australopithecus_garhi	2	2.6642	5.08557	0.0557751
Australopithecus_garhi	3	3.50358	4.19119	-1.83193
Australopithecus_garhi	4	4.03474	4.33627	-0.0554115
Australopithecus_garhi	5	2.59572	4.14768	-1.10685
Australopithecus_garhi	6	4.26874	3.35585	-1.82446
Australopithecus_garhi	7	3.42375	3.60503	-0.0310758
Australopithecus_garhi	8	3.31489	3.25597	-2.12246
Australopithecus_garhi	9	4.41074	3.08733	-1.27396
Australopithecus_garhi	10	3.95604	2.83951	-1.57488
Australopithecus_afarensis	1	3.50762	3.28118	-0.916741
Australopithecus_afarensis	2	2.87321	2.77472	-0.353824
Australopithecus_afarensis	3	3.81203	2.48229	-1.86977
Australopithecus_afarensis	4	3.97297	2.34666	-0.0569974
Australopithecus_afarensis	5	2.96024	1.77783	-1.27362
Australopithecus_afarensis	6	4.25384	1.81342	-1.70939
Australopithecus_afarensis	7	3.41242	1.7498	0.202961
Australopithecus_afarensis	8	3.46655	1.39306	-2.03768
Australopithecus_afarensis	9	4.26632	1.23255	-0.858165
Australopithecus_afarensis	10	3.89419	0.944508	-1.23195
Pan_troglodytes	1	0.793714	1.75346	0.282208
Pan_troglodytes	2	0.189024	1.51374	0.795
Pan_troglodytes	3	0.910031	1.25182	-0.42518
Pan_troglodytes	4	1.42105	1.27352	1.0931
Pan_troglodytes	5	-0.210088	0.655047	0.261497
Pan_troglodytes	6	1.68221	0.723732	-0.0617725
Pan_troglodytes	7	0.593864	0.397609	1.4325
Pan_troglodytes	8	0.524474	0.0151116	-0.178558
Pan_troglodytes	9	1.40634	-0.00746463	0.676581
Pan_troglodytes	10	0.812745	-0.329512	0.513376
