Tip128	1	1.55108	0.220342
Tip128	2	1.32053	0.884927
Tip128	3	0.763707	1.33238
Tip128	4	0.191962	1.35992
Tip128	5	-0.246985	1.00623
Tip128	6	-0.447694	0.370322
Tip128	7	-0.241743	-0.298362
Tip128	8	0.194646	-0.726518
Tip128	9	0.793957	-0.755373
Tip128	10	1.35306	-0.399536
Tip137	1	0.826543	-0.0350199
Tip137	2	0.599945	0.51676
Tip137	3	0.0408896	0.850252
Tip137	4	-0.593448	0.843058
Tip137	5	-1.06735	0.489726
Tip137	6	-1.28377	-0.12523
Tip137	7	-1.08328	-0.676064
Tip137	8	-0.612814	-1.02554
Tip137	9	0.00992054	-1.01305
Tip137	10	0.578562	-0.612391
Tip57	1	-0.276514	-0.678279
Tip57	2	-0.446198	-0.0928985
Tip57	3	-0.932155	0.299005
Tip57	4	-1.56734	0.283214
Tip57	5	-2.15259	-0.059119
Tip57	6	-2.38476	-0.663025
Tip57	7	-2.2301	-1.28684
Tip57	8	-1.74585	-1.6772
Tip57	9	-1.10994	-1.68717
Tip57	10	-0.558034	-1.29952
Tip61	1	0.365785	-0.70605
Tip61	2	0.184738	-0.133809
Tip61	3	-0.278156	0.232718
Tip61	4	-0.882311	0.233578
Tip61	5	-1.39581	-0.133565
Tip61	6	-1.61024	-0.726059
Tip61	7	-1.43436	-1.31897
Tip61	8	-0.966667	-1.68904
Tip61	9	-0.369275	-1.68403
Tip61	10	0.13547	-1.30979
Tip95	1	0.954624	-0.0316545
Tip95	2	0.733436	0.561752
Tip95	3	0.281538	0.919687
Tip95	4	-0.277612	0.940805
Tip95	5	-0.743689	0.559642
Tip95	6	-0.954205	-0.0155105
Tip95	7	-0.792149	-0.643396
Tip95	8	-0.353137	-1.04112
Tip95	9	0.26878	-1.01137
Tip95	10	0.768501	-0.63838
Tip71	1	0.837957	0.288653
Tip71	2	0.660525	0.911457
Tip71	3	0.199783	1.259
Tip71	4	-0.391487	1.2472
Tip71	5	-0.953902	0.837047
Tip71	6	-1.20049	0.237485
Tip71	7	-1.06762	-0.362036
Tip71	8	-0.601107	-0.730164
Tip71	9	0.0333671	-0.715674
Tip71	10	0.602192	-0.341142
Tip109	1	0.543583	-0.736416
Tip109	2	0.333524	-0.134402
Tip109	3	-0.146144	0.242338
Tip109	4	-0.772437	0.262258
Tip109	5	-1.33388	-0.118245
Tip109	6	-1.58257	-0.704137
Tip109	7	-1.44661	-1.31743
Tip109	8	-1.00081	-1.73247
Tip109	9	-0.315934	-1.75109
Tip109	10	0.266939	-1.37996
Tip118	1	0.329797	-0.248786
Tip118	2	0.114834	0.383256
Tip118	3	-0.381344	0.769601
Tip118	4	-1.01931	0.751682
Tip118	5	-1.57116	0.328234
Tip118	6	-1.83355	-0.265304
Tip118	7	-1.71299	-0.877567
Tip118	8	-1.28162	-1.2773
Tip118	9	-0.581461	-1.27818
Tip118	10	0.0390044	-0.877879
Tip50	1	-0.0651845	0.0325325
Tip50	2	-0.287038	0.612064
Tip50	3	-0.778004	0.960255
Tip50	4	-1.38761	0.932355
Tip50	5	-1.89366	0.516295
Tip50	6	-2.13778	-0.0631879
Tip50	7	-2.00138	-0.65317
Tip50	8	-1.58041	-1.02933
Tip50	9	-0.924131	-0.995935
Tip50	10	-0.341375	-0.599266
Tip116	1	1.11434	0.477751
Tip116	2	0.96653	1.07294
Tip116	3	0.565373	1.44584
Tip116	4	0.0355366	1.43049
Tip116	5	-0.513711	1.02251
Tip116	6	-0.789283	0.391269
Tip116	7	-0.740492	-0.187872
Tip116	8	-0.330082	-0.534555
Tip116	9	0.206032	-0.508836
Tip116	10	0.829323	-0.165158
Tip96	1	0.251609	0.138564
Tip96	2	0.0503252	0.713837
Tip96	3	-0.496996	1.16756
Tip96	4	-1.17444	1.15486
Tip96	5	-1.73212	0.602977
Tip96	6	-1.90997	-0.0809882
Tip96	7	-1.66697	-0.667021
Tip96	8	-1.22167	-0.971305
Tip96	9	-0.738029	-0.882835
Tip96	10	-0.068804	-0.545735
Tip114	1	0.929196	1.39566
Tip114	2	0.796586	1.93749
Tip114	3	0.323144	2.33943
Tip114	4	-0.289591	2.31663
Tip114	5	-0.935722	1.72789
Tip114	6	-1.12685	0.973962
Tip114	7	-0.951584	0.418888
Tip114	8	-0.464923	0.140946
Tip114	9	-0.00385807	0.319187
Tip114	10	0.680387	0.715584
Tip131	1	1.16889	1.58546
Tip131	2	1.00214	2.22714
Tip131	3	0.498709	2.5114
Tip131	4	-0.110767	2.4009
Tip131	5	-0.721338	1.84461
Tip131	6	-1.02933	1.09245
Tip131	7	-0.978185	0.474225
Tip131	8	-0.537277	0.161897
Tip131	9	0.106506	0.37954
Tip131	10	0.830147	0.917383
Tip143	1	0.434039	0.346383
Tip143	2	0.259966	0.937074
Tip143	3	-0.186372	1.33224
Tip143	4	-0.752028	1.35979
Tip143	5	-1.26441	1.05995
Tip143	6	-1.47834	0.473887
Tip143	7	-1.34006	-0.137498
Tip143	8	-0.857277	-0.542924
Tip143	9	-0.243302	-0.585751
Tip143	10	0.265326	-0.257632
Tip46	1	-0.307049	0.524515
Tip46	2	-0.504349	1.10301
Tip46	3	-0.996651	1.45308
Tip46	4	-1.57962	1.41414
Tip46	5	-2.06038	1.05351
Tip46	6	-2.23351	0.454265
Tip46	7	-2.06427	-0.112596
Tip46	8	-1.63888	-0.46256
Tip46	9	-1.02394	-0.464866
Tip46	10	-0.501291	-0.102044
Tip56	1	0.355566	0.906971
Tip56	2	0.159729	1.58271
Tip56	3	-0.334014	1.93665
Tip56	4	-0.916721	1.86958
Tip56	5	-1.40355	1.51396
Tip56	6	-1.54648	0.897513
Tip56	7	-1.4035	0.187052
Tip56	8	-0.975806	-0.227544
Tip56	9	-0.407581	-0.216514
Tip56	10	0.12483	0.178289
Tip94	1	-0.130285	1.74738
Tip94	2	-0.407379	2.23637
Tip94	3	-0.96977	2.51039
Tip94	4	-1.56856	2.48986
Tip94	5	-1.98389	2.18061
Tip94	6	-2.15168	1.57734
Tip94	7	-1.95559	0.9691
Tip94	8	-1.4486	0.597067
Tip94	9	-0.806323	0.737439
Tip94	10	-0.283597	1.1113
Tip52	1	0.186019	-1.20624
Tip52	2	-0.0974569	-0.625177
Tip52	3	-0.682705	-0.290616
Tip52	4	-1.41856	-0.269684
Tip52	5	-1.9455	-0.522399
Tip52	6	-2.09852	-1.0444
Tip52	7	-1.84769	-1.6282
Tip52	8	-1.26342	-2.00664
Tip52	9	-0.608752	-2.11146
Tip52	10	-0.0437777	-1.82893
Tip127	1	1.32973	0.832411
Tip127	2	1.1984	1.52677
Tip127	3	0.725572	1.88811
Tip127	4	0.182156	1.85503
Tip127	5	-0.303543	1.47518
Tip127	6	-0.564784	0.918888
Tip127	7	-0.395301	0.364199
Tip127	8	0.0259545	0.0269907
Tip127	9	0.665912	-0.00199466
Tip127	10	1.15745	0.268295
Tip97	1	2.03569	0.408905
Tip97	2	1.86293	1.16663
Tip97	3	1.39974	1.55129
Tip97	4	0.839174	1.49157
Tip97	5	0.353784	1.09782
Tip97	6	0.0938303	0.528602
Tip97	7	0.246185	-0.0305769
Tip97	8	0.643015	-0.433914
Tip97	9	1.25237	-0.4756
Tip97	10	1.77419	-0.189807
Tip142	1	2.30408	0.189975
Tip142	2	2.03753	0.940023
Tip142	3	1.535	1.37253
Tip142	4	0.955474	1.36198
Tip142	5	0.46106	0.939892
Tip142	6	0.206521	0.334679
Tip142	7	0.402832	-0.22316
Tip142	8	0.863296	-0.610896
Tip142	9	1.48378	-0.619766
Tip142	10	2.02176	-0.366939
Tip36	1	0.98605	-0.215306
Tip36	2	0.794581	0.405255
Tip36	3	0.290406	0.754705
Tip36	4	-0.287875	0.740018
Tip36	5	-0.750392	0.395788
Tip36	6	-0.915675	-0.160761
Tip36	7	-0.746006	-0.748531
Tip36	8	-0.301367	-1.0936
Tip36	9	0.338174	-1.12226
Tip36	10	0.790105	-0.811704
Tip48	1	1.44853	-0.42895
Tip48	2	1.29675	0.16127
Tip48	3	0.814144	0.449521
Tip48	4	0.204632	0.43144
Tip48	5	-0.335773	0.0832319
Tip48	6	-0.61228	-0.448861
Tip48	7	-0.483768	-0.984814
Tip48	8	-0.0287346	-1.329
Tip48	9	0.633245	-1.34015
Tip48	10	1.13226	-1.01423
Tip92	1	1.29543	-0.325732
Tip92	2	1.08995	0.307943
Tip92	3	0.554315	0.583783
Tip92	4	-0.104357	0.561049
Tip92	5	-0.617765	0.218322
Tip92	6	-0.807854	-0.335026
Tip92	7	-0.638554	-0.917342
Tip92	8	-0.137122	-1.25869
Tip92	9	0.556116	-1.29275
Tip92	10	1.05572	-0.95962
Tip32	1	0.441775	-0.62865
Tip32	2	0.295186	0.0150018
Tip32	3	-0.147848	0.408583
Tip32	4	-0.779785	0.442049
Tip32	5	-1.26241	0.0830123
Tip32	6	-1.43955	-0.553678
Tip32	7	-1.27283	-1.21306
Tip32	8	-0.835895	-1.55226
Tip32	9	-0.225936	-1.57635
Tip32	10	0.245177	-1.2472
Tip18	1	0.185568	-1.39625
Tip18	2	0.0716337	-0.738422
Tip18	3	-0.340067	-0.332811
Tip18	4	-0.967538	-0.268476
Tip18	5	-1.42859	-0.622588
Tip18	6	-1.62904	-1.26097
Tip18	7	-1.50154	-1.93037
Tip18	8	-1.13667	-2.27046
Tip18	9	-0.550014	-2.33522
Tip18	10	-0.0715201	-2.02089
Tip67	1	0.887286	0.443377
Tip67	2	0.735239	0.989499
Tip67	3	0.252654	1.31893
Tip67	4	-0.401078	1.29084
Tip67	5	-0.947315	0.974416
Tip67	6	-1.14626	0.358272
Tip67	7	-0.959688	-0.201582
Tip67	8	-0.47662	-0.54346
Tip67	9	0.153219	-0.5048
Tip67	10	0.70033	-0.14217
Tip64	1	0.0814665	0.267045
Tip64	2	-0.122936	0.81645
Tip64	3	-0.59355	1.13093
Tip64	4	-1.19022	1.09208
Tip64	5	-1.67473	0.758642
Tip64	6	-1.82785	0.190991
Tip64	7	-1.63586	-0.372964
Tip64	8	-1.16327	-0.679804
Tip64	9	-0.582654	-0.635183
Tip64	10	-0.0968946	-0.311297
Tip115	1	0.0552978	-0.359664
Tip115	2	-0.13072	0.192433
Tip115	3	-0.615958	0.517194
Tip115	4	-1.17803	0.487165
Tip115	5	-1.62467	0.0900762
Tip115	6	-1.74231	-0.495628
Tip115	7	-1.55341	-0.966526
Tip115	8	-1.07742	-1.30684
Tip115	9	-0.490809	-1.27476
Tip115	10	-0.0299621	-0.953897
Tip31	1	-0.110098	-0.917513
Tip31	2	-0.307061	-0.337058
Tip31	3	-0.77272	-0.0164983
Tip31	4	-1.34953	-0.0403612
Tip31	5	-1.82501	-0.464992
Tip31	6	-1.95609	-1.03663
Tip31	7	-1.7222	-1.57235
Tip31	8	-1.20376	-1.91606
Tip31	9	-0.613966	-1.84307
Tip31	10	-0.17843	-1.51092
Tip34	1	-0.592933	-0.858014
Tip34	2	-0.825928	-0.278553
Tip34	3	-1.29679	0.0705355
Tip34	4	-1.85164	0.103462
Tip34	5	-2.30406	-0.27511
Tip34	6	-2.42006	-0.844182
Tip34	7	-2.22141	-1.39317
Tip34	8	-1.71959	-1.74292
Tip34	9	-1.12626	-1.73703
Tip34	10	-0.669388	-1.42444
Pan_troglodytes	1	-0.0250026	-0.208616
Pan_troglodytes	2	-0.205865	0.316817
Pan_troglodytes	3	-0.69489	0.609095
Pan_troglodytes	4	-1.35035	0.568617
Pan_troglodytes	5	-1.85102	0.217403
Pan_troglodytes	6	-1.98697	-0.338319
Pan_troglodytes	7	-1.77344	-0.857313
Pan_troglodytes	8	-1.26656	-1.18061
Pan_troglodytes	9	-0.68883	-1.09191
Pan_troglodytes	10	-0.172676	-0.765083
Tip136	1	0.422958	0.180784
Tip136	2	0.236266	0.774579
Tip136	3	-0.238586	1.14582
Tip136	4	-0.845575	1.13328
Tip136	5	-1.34054	0.791745
Tip136	6	-1.53564	0.20787
Tip136	7	-1.36126	-0.391289
Tip136	8	-0.896235	-0.778534
Tip136	9	-0.290685	-0.779355
Tip136	10	0.219593	-0.432676
Tip140	1	1.07138	0.602463
Tip140	2	0.958435	1.23004
Tip140	3	0.486076	1.55379
Tip140	4	-0.0952787	1.46012
Tip140	5	-0.607496	1.05627
Tip140	6	-0.859273	0.464745
Tip140	7	-0.701774	-0.0811102
Tip140	8	-0.242321	-0.448904
Tip140	9	0.374321	-0.443678
Tip140	10	0.871612	-0.0646732
Tip76	1	0.330041	0.352151
Tip76	2	0.136853	0.967821
Tip76	3	-0.352121	1.32888
Tip76	4	-0.952733	1.33383
Tip76	5	-1.43409	1.0019
Tip76	6	-1.61702	0.406553
Tip76	7	-1.447	-0.201542
Tip76	8	-0.985841	-0.587686
Tip76	9	-0.360102	-0.617896
Tip76	10	0.125597	-0.276494
Tip125	1	0.16932	-0.703094
Tip125	2	0.0223513	-0.128434
Tip125	3	-0.558892	0.233409
Tip125	4	-1.1906	0.266123
Tip125	5	-1.75231	-0.0152256
Tip125	6	-2.03103	-0.615254
Tip125	7	-1.86523	-1.14942
Tip125	8	-1.36134	-1.57656
Tip125	9	-0.593996	-1.63668
Tip125	10	-0.0179327	-1.27904
Tip70	1	1.05324	0.210606
Tip70	2	0.879997	0.791606
Tip70	3	0.370606	1.12933
Tip70	4	-0.274668	1.11996
Tip70	5	-0.785907	0.77396
Tip70	6	-0.989778	0.203499
Tip70	7	-0.778125	-0.398786
Tip70	8	-0.248613	-0.761839
Tip70	9	0.353532	-0.762956
Tip70	10	0.880677	-0.371327
Tip99	1	0.890854	0.258592
Tip99	2	0.741078	0.855084
Tip99	3	0.280343	1.23023
Tip99	4	-0.312598	1.2352
Tip99	5	-0.82582	0.900511
Tip99	6	-1.01041	0.283666
Tip99	7	-0.856992	-0.360439
Tip99	8	-0.369942	-0.700945
Tip99	9	0.182876	-0.667984
Tip99	10	0.68399	-0.320171
Tip72	1	0.896499	0.208572
Tip72	2	0.73546	0.753087
Tip72	3	0.199655	1.11507
Tip72	4	-0.426374	1.1414
Tip72	5	-0.940347	0.793806
Tip72	6	-1.13879	0.261484
Tip72	7	-1.0012	-0.316066
Tip72	8	-0.490864	-0.628605
Tip72	9	0.117763	-0.633396
Tip72	10	0.658615	-0.32083
Tip111	1	-0.943487	-2.08235
Tip111	2	-1.10367	-1.53343
Tip111	3	-1.54687	-1.12678
Tip111	4	-2.17065	-1.14049
Tip111	5	-2.73988	-1.4141
Tip111	6	-2.99055	-2.13321
Tip111	7	-2.83389	-2.8642
Tip111	8	-2.32668	-3.21462
Tip111	9	-1.6722	-3.16611
Tip111	10	-1.16747	-2.73184
Tip117	1	-1.02809	-1.83039
Tip117	2	-1.16525	-1.28381
Tip117	3	-1.60168	-0.907206
Tip117	4	-2.23429	-0.942169
Tip117	5	-2.7941	-1.22584
Tip117	6	-3.05384	-1.96124
Tip117	7	-2.92568	-2.66967
Tip117	8	-2.42266	-3.00635
Tip117	9	-1.76977	-2.92337
Tip117	10	-1.27054	-2.48442
Tip101	1	-1.41732	-1.37964
Tip101	2	-1.55563	-0.775213
Tip101	3	-2.01213	-0.267824
Tip101	4	-2.60072	-0.260443
Tip101	5	-3.08902	-0.541394
Tip101	6	-3.2933	-1.32684
Tip101	7	-3.19695	-2.09252
Tip101	8	-2.65897	-2.51508
Tip101	9	-2.01085	-2.47713
Tip101	10	-1.55557	-2.07648
Tip68	1	-1.135	-2.16577
Tip68	2	-1.24536	-1.57097
Tip68	3	-1.63951	-1.08441
Tip68	4	-2.18243	-1.09856
Tip68	5	-2.72341	-1.37363
Tip68	6	-2.99133	-2.11788
Tip68	7	-2.92073	-2.85406
Tip68	8	-2.40858	-3.24336
Tip68	9	-1.76759	-3.20984
Tip68	10	-1.31732	-2.84778
Tip59	1	-1.02525	-2.52542
Tip59	2	-1.17835	-1.93222
Tip59	3	-1.58697	-1.51966
Tip59	4	-2.22704	-1.5541
Tip59	5	-2.83918	-1.77084
Tip59	6	-3.10781	-2.51932
Tip59	7	-2.93799	-3.21915
Tip59	8	-2.38497	-3.56512
Tip59	9	-1.73759	-3.55462
Tip59	10	-1.28701	-3.17679
Tip138	1	0.494526	-1.27705
Tip138	2	0.329149	-0.629916
Tip138	3	-0.155546	-0.169598
Tip138	4	-0.877524	-0.20431
Tip138	5	-1.52635	-0.661913
Tip138	6	-1.73474	-1.36069
Tip138	7	-1.51404	-2.00804
Tip138	8	-0.926133	-2.34955
Tip138	9	-0.289835	-2.29489
Tip138	10	0.255731	-1.90605
Tip69	1	0.157306	-0.965715
Tip69	2	-0.0524548	-0.333524
Tip69	3	-0.573769	0.0971202
Tip69	4	-1.23294	0.0651632
Tip69	5	-1.84136	-0.363417
Tip69	6	-2.016	-1.05426
Tip69	7	-1.79987	-1.6671
Tip69	8	-1.18677	-1.99019
Tip69	9	-0.545163	-1.93347
Tip69	10	-0.0151706	-1.56383
Tip79	1	0.660546	-1.33214
Tip79	2	0.507573	-0.720954
Tip79	3	0.0281746	-0.290205
Tip79	4	-0.630777	-0.284726
Tip79	5	-1.20263	-0.712452
Tip79	6	-1.38116	-1.38806
Tip79	7	-1.16582	-2.03168
Tip79	8	-0.623893	-2.3523
Tip79	9	-0.0363695	-2.30323
Tip79	10	0.468922	-1.93823
Tip81	1	0.647794	-1.00784
Tip81	2	0.469177	-0.411107
Tip81	3	-0.0193381	-0.0166454
Tip81	4	-0.657199	-0.048396
Tip81	5	-1.2153	-0.378555
Tip81	6	-1.40231	-1.02719
Tip81	7	-1.19989	-1.64966
Tip81	8	-0.714472	-2.00585
Tip81	9	-0.1253	-1.97609
Tip81	10	0.397889	-1.6248
Tip42	1	0.545463	-0.131987
Tip42	2	0.351234	0.446602
Tip42	3	-0.158536	0.802519
Tip42	4	-0.788883	0.783746
Tip42	5	-1.3532	0.455424
Tip42	6	-1.54036	-0.148554
Tip42	7	-1.32562	-0.727251
Tip42	8	-0.794175	-1.03657
Tip42	9	-0.182951	-1.03111
Tip42	10	0.316769	-0.700512
Tip78	1	1.10955	0.332781
Tip78	2	0.930341	0.930955
Tip78	3	0.449131	1.31791
Tip78	4	-0.125455	1.31306
Tip78	5	-0.690811	0.973082
Tip78	6	-0.876764	0.368063
Tip78	7	-0.678752	-0.222771
Tip78	8	-0.171074	-0.546375
Tip78	9	0.382835	-0.561205
Tip78	10	0.855273	-0.225925
Tip122	1	0.178714	-0.0463328
Tip122	2	0.00647496	0.51424
Tip122	3	-0.50251	0.85062
Tip122	4	-1.16685	0.868275
Tip122	5	-1.77493	0.541047
Tip122	6	-1.9919	-0.0368786
Tip122	7	-1.79328	-0.594046
Tip122	8	-1.2759	-0.930171
Tip122	9	-0.668559	-0.9442
Tip122	10	-0.102294	-0.592653
Tip44	1	0.275597	-0.305385
Tip44	2	0.0709721	0.290617
Tip44	3	-0.505824	0.663985
Tip44	4	-1.23841	0.661463
Tip44	5	-1.88488	0.300821
Tip44	6	-2.08142	-0.294595
Tip44	7	-1.82019	-0.889862
Tip44	8	-1.21103	-1.20468
Tip44	9	-0.563294	-1.25772
Tip44	10	-0.0161255	-0.88132
Tip54	1	1.31242	0.357718
Tip54	2	1.10054	0.924976
Tip54	3	0.58892	1.2957
Tip54	4	-0.0726263	1.28954
Tip54	5	-0.638638	0.96259
Tip54	6	-0.867425	0.367786
Tip54	7	-0.648765	-0.202316
Tip54	8	-0.104716	-0.500589
Tip54	9	0.522239	-0.488012
Tip54	10	1.03271	-0.162073
Tip102	1	0.677757	0.374308
Tip102	2	0.447001	0.952461
Tip102	3	-0.0629807	1.32814
Tip102	4	-0.710521	1.35566
Tip102	5	-1.28272	0.992577
Tip102	6	-1.4997	0.439481
Tip102	7	-1.2902	-0.205133
Tip102	8	-0.770881	-0.524131
Tip102	9	-0.143733	-0.476707
Tip102	10	0.408849	-0.147659
Tip37	1	1.04208	0.241686
Tip37	2	0.834309	0.742054
Tip37	3	0.260669	1.09985
Tip37	4	-0.405809	1.10154
Tip37	5	-0.955882	0.786706
Tip37	6	-1.192	0.266248
Tip37	7	-0.991986	-0.400107
Tip37	8	-0.468723	-0.683466
Tip37	9	0.199422	-0.607489
Tip37	10	0.746617	-0.255424
Tip39	1	0.720901	1.39523
Tip39	2	0.461748	1.96104
Tip39	3	-0.0830696	2.2795
Tip39	4	-0.787915	2.27975
Tip39	5	-1.38642	1.94796
Tip39	6	-1.61493	1.44753
Tip39	7	-1.41848	0.784772
Tip39	8	-0.857452	0.512671
Tip39	9	-0.162441	0.534877
Tip39	10	0.421199	0.873598
Tip19	1	1.87907	0.716017
Tip19	2	1.59631	1.3317
Tip19	3	1.03038	1.7728
Tip19	4	0.267174	1.72783
Tip19	5	-0.309761	1.38483
Tip19	6	-0.513738	0.791294
Tip19	7	-0.272561	0.0731516
Tip19	8	0.225354	-0.203569
Tip19	9	0.93652	-0.192246
Tip19	10	1.55894	0.109498
Tip86	1	0.806384	0.34943
Tip86	2	0.611961	0.904721
Tip86	3	0.108453	1.2533
Tip86	4	-0.549085	1.26163
Tip86	5	-1.11279	0.897799
Tip86	6	-1.3211	0.34652
Tip86	7	-1.10281	-0.255639
Tip86	8	-0.592963	-0.540915
Tip86	9	0.00180512	-0.467344
Tip86	10	0.535431	-0.13997
Tip47	1	0.80828	-0.00428485
Tip47	2	0.58327	0.560117
Tip47	3	0.107891	0.890256
Tip47	4	-0.444588	0.882959
Tip47	5	-0.97384	0.538709
Tip47	6	-1.20061	0.0073582
Tip47	7	-1.02201	-0.541978
Tip47	8	-0.522651	-0.847687
Tip47	9	0.0503996	-0.816167
Tip47	10	0.565458	-0.489106
Tip45	1	0.086499	-0.31549
Tip45	2	-0.183336	0.254753
Tip45	3	-0.652875	0.575088
Tip45	4	-1.17094	0.571151
Tip45	5	-1.66244	0.227322
Tip45	6	-1.85916	-0.306747
Tip45	7	-1.68111	-0.859566
Tip45	8	-1.15931	-1.14233
Tip45	9	-0.578227	-1.10952
Tip45	10	-0.11612	-0.806791
Tip6	1	0.702165	-0.539198
Tip6	2	0.439388	0.0302993
Tip6	3	-0.0878431	0.36623
Tip6	4	-0.723647	0.390138
Tip6	5	-1.25536	0.0716665
Tip6	6	-1.43701	-0.433043
Tip6	7	-1.20013	-1.02158
Tip6	8	-0.687582	-1.34359
Tip6	9	-0.102046	-1.31371
Tip6	10	0.471436	-1.02347
Tip74	1	1.41797	-0.0335287
Tip74	2	1.17269	0.496638
Tip74	3	0.638557	0.806908
Tip74	4	-0.00440439	0.806846
Tip74	5	-0.563479	0.497553
Tip74	6	-0.744164	-0.0316504
Tip74	7	-0.497051	-0.613535
Tip74	8	0.0507747	-0.931026
Tip74	9	0.661282	-0.884784
Tip74	10	1.19676	-0.547101
Tip132	1	1.33406	0.785047
Tip132	2	1.02208	1.27072
Tip132	3	0.466251	1.53614
Tip132	4	-0.151117	1.52785
Tip132	5	-0.645419	1.21538
Tip132	6	-0.790378	0.679991
Tip132	7	-0.489286	0.151285
Tip132	8	0.0871139	-0.105557
Tip132	9	0.673658	-0.0278067
Tip132	10	1.16763	0.284978
Tip0	1	1.98977	0.240454
Tip0	2	1.72516	0.762695
Tip0	3	1.14132	1.10851
Tip0	4	0.467856	1.14648
Tip0	5	-0.0515919	0.834586
Tip0	6	-0.197685	0.284557
Tip0	7	0.067558	-0.286151
Tip0	8	0.639974	-0.584459
Tip0	9	1.2357	-0.550912
Tip0	10	1.74798	-0.234566
Ardipithecus_ramidus	1	1.52894	0.504569
Ardipithecus_ramidus	2	1.29223	1.03246
Ardipithecus_ramidus	3	0.734472	1.34174
Ardipithecus_ramidus	4	0.0511793	1.35525
Ardipithecus_ramidus	5	-0.509724	1.05381
Ardipithecus_ramidus	6	-0.688072	0.533651
Ardipithecus_ramidus	7	-0.442941	-0.0430301
Ardipithecus_ramidus	8	0.121204	-0.3495
Ardipithecus_ramidus	9	0.737659	-0.316637
Ardipithecus_ramidus	10	1.29297	0.00304114
Tip121	1	2.34723	-0.262626
Tip121	2	2.19015	0.290848
Tip121	3	1.61287	0.648331
Tip121	4	0.956273	0.743855
Tip121	5	0.404864	0.432804
Tip121	6	0.285775	-0.156819
Tip121	7	0.456555	-0.72284
Tip121	8	0.966128	-1.04786
Tip121	9	1.55767	-0.993247
Tip121	10	2.11019	-0.76052
Tip104	1	0.865683	-0.656869
Tip104	2	0.564	-0.154789
Tip104	3	0.00464888	0.186985
Tip104	4	-0.681517	0.310994
Tip104	5	-1.18781	0.0971752
Tip104	6	-1.2979	-0.46589
Tip104	7	-0.938145	-1.04022
Tip104	8	-0.398587	-1.34569
Tip104	9	0.182166	-1.40391
Tip104	10	0.676313	-1.15554
Tip123	1	1.9693	-0.438473
Tip123	2	1.75048	0.0801852
Tip123	3	1.18112	0.443594
Tip123	4	0.462702	0.578743
Tip123	5	-0.118421	0.27798
Tip123	6	-0.299625	-0.353675
Tip123	7	-0.0477738	-0.884999
Tip123	8	0.537407	-1.14913
Tip123	9	1.13472	-1.16207
Tip123	10	1.67605	-0.898271
Tip77	1	1.57293	-0.91602
Tip77	2	1.30431	-0.413816
Tip77	3	0.756073	-0.0654513
Tip77	4	0.0939007	0.0491081
Tip77	5	-0.461339	-0.227522
Tip77	6	-0.614045	-0.830301
Tip77	7	-0.361527	-1.36858
Tip77	8	0.183347	-1.62244
Tip77	9	0.774737	-1.62785
Tip77	10	1.31965	-1.3767
Tip108	1	0.210834	-1.3364
Tip108	2	-0.0584113	-0.824166
Tip108	3	-0.652679	-0.547877
Tip108	4	-1.30928	-0.509253
Tip108	5	-1.875	-0.8791
Tip108	6	-2.01062	-1.51484
Tip108	7	-1.75505	-2.01217
Tip108	8	-1.22216	-2.27368
Tip108	9	-0.583717	-2.20483
Tip108	10	-0.0839134	-1.86617
Tip135	1	0.337361	-1.23307
Tip135	2	0.113187	-0.723678
Tip135	3	-0.474053	-0.396123
Tip135	4	-1.1369	-0.397557
Tip135	5	-1.76136	-0.765419
Tip135	6	-1.97538	-1.3693
Tip135	7	-1.75188	-1.93869
Tip135	8	-1.20236	-2.17026
Tip135	9	-0.550324	-2.0577
Tip135	10	0.0762303	-1.69828
Tip141	1	0.886553	-0.80538
Tip141	2	0.652269	-0.358243
Tip141	3	0.0990258	-0.0685318
Tip141	4	-0.561818	-0.0380938
Tip141	5	-1.16591	-0.359661
Tip141	6	-1.36945	-0.923955
Tip141	7	-1.14465	-1.4554
Tip141	8	-0.606252	-1.66287
Tip141	9	-0.00549118	-1.54845
Tip141	10	0.590375	-1.24275
Tip83	1	1.22875	-1.38992
Tip83	2	1.05543	-0.915527
Tip83	3	0.53234	-0.628215
Tip83	4	-0.138787	-0.611068
Tip83	5	-0.720657	-0.883563
Tip83	6	-0.914394	-1.41117
Tip83	7	-0.693446	-1.98142
Tip83	8	-0.193771	-2.21209
Tip83	9	0.375488	-2.10438
Tip83	10	0.9738	-1.8159
Tip65	1	1.14432	-0.402369
Tip65	2	0.976721	0.0937607
Tip65	3	0.460385	0.354164
Tip65	4	-0.214314	0.398423
Tip65	5	-0.819868	0.158824
Tip65	6	-1.05632	-0.345495
Tip65	7	-0.884079	-0.902588
Tip65	8	-0.380919	-1.15404
Tip65	9	0.232014	-1.067
Tip65	10	0.858508	-0.810199
Tip43	1	1.22853	-0.235449
Tip43	2	1.06803	0.259461
Tip43	3	0.550666	0.516635
Tip43	4	-0.109436	0.545433
Tip43	5	-0.710536	0.276224
Tip43	6	-0.956148	-0.220992
Tip43	7	-0.787149	-0.781075
Tip43	8	-0.291929	-1.01845
Tip43	9	0.311654	-0.907047
Tip43	10	0.926725	-0.652096
Tip29	1	0.595726	-0.544703
Tip29	2	0.380051	-0.0502461
Tip29	3	-0.213339	0.259038
Tip29	4	-0.86261	0.263479
Tip29	5	-1.42293	-0.0266302
Tip29	6	-1.61823	-0.573511
Tip29	7	-1.41174	-1.12668
Tip29	8	-0.900937	-1.371
Tip29	9	-0.296761	-1.27146
Tip29	10	0.343806	-0.9924
Tip110	1	0.160533	-0.978554
Tip110	2	-0.00775678	-0.532204
Tip110	3	-0.588201	-0.296803
Tip110	4	-1.1688	-0.303118
Tip110	5	-1.65271	-0.598262
Tip110	6	-1.80965	-1.09421
Tip110	7	-1.61538	-1.60171
Tip110	8	-1.17585	-1.82363
Tip110	9	-0.625003	-1.73879
Tip110	10	-0.0616425	-1.45058
Tip24	1	1.0873	-0.31235
Tip24	2	0.922739	0.160553
Tip24	3	0.368414	0.469331
Tip24	4	-0.234665	0.496826
Tip24	5	-0.732056	0.228833
Tip24	6	-0.89656	-0.302046
Tip24	7	-0.721055	-0.810841
Tip24	8	-0.267851	-1.08241
Tip24	9	0.293173	-1.01778
Tip24	10	0.866159	-0.747075
Tip53	1	0.901323	-1.19446
Tip53	2	0.681954	-0.675835
Tip53	3	0.110561	-0.338935
Tip53	4	-0.450081	-0.39634
Tip53	5	-0.939188	-0.709502
Tip53	6	-1.0763	-1.32864
Tip53	7	-0.885609	-1.86497
Tip53	8	-0.425343	-2.1166
Tip53	9	0.132464	-1.99602
Tip53	10	0.667202	-1.69105
Tip93	1	0.408986	-0.160908
Tip93	2	0.226639	0.339266
Tip93	3	-0.335339	0.630739
Tip93	4	-0.936888	0.643583
Tip93	5	-1.51532	0.388626
Tip93	6	-1.70106	-0.131148
Tip93	7	-1.526	-0.655329
Tip93	8	-1.04025	-0.927551
Tip93	9	-0.470795	-0.859905
Tip93	10	0.113958	-0.589184
Tip87	1	1.31189	-0.980518
Tip87	2	1.11629	-0.49897
Tip87	3	0.564364	-0.194542
Tip87	4	-0.0106508	-0.169588
Tip87	5	-0.564223	-0.464984
Tip87	6	-0.713704	-0.976221
Tip87	7	-0.527777	-1.49874
Tip87	8	-0.0420244	-1.76907
Tip87	9	0.519276	-1.6793
Tip87	10	1.05438	-1.40772
Tip139	1	-0.893917	-0.567114
Tip139	2	-1.0581	-0.105802
Tip139	3	-1.51117	0.128261
Tip139	4	-2.04558	0.10218
Tip139	5	-2.55919	-0.230394
Tip139	6	-2.76643	-0.769123
Tip139	7	-2.66324	-1.22489
Tip139	8	-2.25675	-1.43993
Tip139	9	-1.72419	-1.27066
Tip139	10	-1.18665	-1.01241
Tip106	1	0.391986	0.162426
Tip106	2	0.219936	0.629712
Tip106	3	-0.180212	0.90435
Tip106	4	-0.803071	0.867225
Tip106	5	-1.46718	0.427236
Tip106	6	-1.77919	-0.205382
Tip106	7	-1.6812	-0.727119
Tip106	8	-1.22578	-0.918376
Tip106	9	-0.531523	-0.712186
Tip106	10	0.0877068	-0.33782
Tip85	1	0.361456	0.909921
Tip85	2	0.193335	1.37617
Tip85	3	-0.260734	1.68168
Tip85	4	-0.836334	1.62969
Tip85	5	-1.46715	1.25848
Tip85	6	-1.73166	0.613589
Tip85	7	-1.66615	0.048882
Tip85	8	-1.25127	-0.16366
Tip85	9	-0.6082	0.0789157
Tip85	10	0.0247376	0.459699
Tip16	1	-0.226033	0.763242
Tip16	2	-0.359339	1.23219
Tip16	3	-0.805028	1.51772
Tip16	4	-1.49064	1.48271
Tip16	5	-2.16589	1.10246
Tip16	6	-2.41579	0.412167
Tip16	7	-2.25544	-0.145283
Tip16	8	-1.82283	-0.289874
Tip16	9	-1.20438	-0.0330845
Tip16	10	-0.581513	0.337887
Tip73	1	-0.243041	-0.531479
Tip73	2	-0.440392	-0.0687186
Tip73	3	-1.06376	0.289112
Tip73	4	-1.812	0.324605
Tip73	5	-2.49589	0.0570891
Tip73	6	-2.80083	-0.502777
Tip73	7	-2.60092	-1.06468
Tip73	8	-2.03111	-1.33124
Tip73	9	-1.25897	-1.17135
Tip73	10	-0.574066	-0.946678
Tip98	1	1.83056	-1.8702
Tip98	2	1.65319	-1.35857
Tip98	3	1.02905	-1.05579
Tip98	4	0.252882	-1.06361
Tip98	5	-0.33955	-1.35141
Tip98	6	-0.546408	-1.80719
Tip98	7	-0.393107	-2.24758
Tip98	8	0.0748491	-2.48434
Tip98	9	0.751821	-2.4781
Tip98	10	1.49326	-2.22582
Tip82	1	1.31131	-1.10414
Tip82	2	1.15685	-0.622458
Tip82	3	0.564488	-0.36503
Tip82	4	-0.142075	-0.384777
Tip82	5	-0.721144	-0.574313
Tip82	6	-0.938439	-1.08175
Tip82	7	-0.792596	-1.66638
Tip82	8	-0.330795	-1.94728
Tip82	9	0.279579	-1.86019
Tip82	10	0.968932	-1.54284
Tip3	1	0.804679	-0.989482
Tip3	2	0.643412	-0.513841
Tip3	3	0.04412	-0.28202
Tip3	4	-0.665705	-0.315946
Tip3	5	-1.31686	-0.513331
Tip3	6	-1.57864	-1.06109
Tip3	7	-1.42739	-1.66359
Tip3	8	-0.947335	-1.91993
Tip3	9	-0.278044	-1.78089
Tip3	10	0.471282	-1.44752
Tip40	1	0.624664	0.307289
Tip40	2	0.385524	0.752078
Tip40	3	-0.223169	1.00202
Tip40	4	-0.974023	0.889807
Tip40	5	-1.62963	0.514369
Tip40	6	-1.87812	0.000663849
Tip40	7	-1.67763	-0.438673
Tip40	8	-1.19554	-0.577179
Tip40	9	-0.518514	-0.407454
Tip40	10	0.282653	-0.0992496
Tip38	1	1.31302	0.289486
Tip38	2	1.09956	0.72924
Tip38	3	0.608194	0.936884
Tip38	4	-0.16813	0.966159
Tip38	5	-0.804681	0.782399
Tip38	6	-1.07499	0.294641
Tip38	7	-0.896098	-0.148648
Tip38	8	-0.409742	-0.348453
Tip38	9	0.257976	-0.331403
Tip38	10	0.995522	-0.0946832
Paranthropus_boisei	1	-0.941067	0.859078
Paranthropus_boisei	2	-1.1251	1.33485
Paranthropus_boisei	3	-1.62632	1.63648
Paranthropus_boisei	4	-2.46089	1.69275
Paranthropus_boisei	5	-3.08345	1.55527
Paranthropus_boisei	6	-3.30556	0.985457
Paranthropus_boisei	7	-3.12197	0.524102
Paranthropus_boisei	8	-2.68003	0.306483
Paranthropus_boisei	9	-2.0885	0.281227
Paranthropus_boisei	10	-1.3142	0.492241
Paranthropus_robustus	1	0.0285942	-0.241859
Paranthropus_robustus	2	-0.166028	0.264849
Paranthropus_robustus	3	-0.583763	0.528026
Paranthropus_robustus	4	-1.51215	0.520319
Paranthropus_robustus	5	-2.16138	0.439828
Paranthropus_robustus	6	-2.36838	-0.235951
Paranthropus_robustus	7	-2.182	-0.77865
Paranthropus_robustus	8	-1.74799	-0.954014
Paranthropus_robustus	9	-1.1529	-0.895767
Paranthropus_robustus	10	-0.364747	-0.661395
Paranthropus_aethiopicus	1	0.308749	0.809961
Paranthropus_aethiopicus	2	0.0809119	1.2352
Paranthropus_aethiopicus	3	-0.404356	1.48967
Paranthropus_aethiopicus	4	-1.10274	1.48904
Paranthropus_aethiopicus	5	-1.67572	1.28649
Paranthropus_aethiopicus	6	-1.97557	0.820994
Paranthropus_aethiopicus	7	-1.80914	0.385143
Paranthropus_aethiopicus	8	-1.33289	0.174229
Paranthropus_aethiopicus	9	-0.685388	0.185446
Paranthropus_aethiopicus	10	-0.00614779	0.435161
Tip10	1	1.2505	-0.212082
Tip10	2	1.0159	0.228286
Tip10	3	0.453201	0.436566
Tip10	4	-0.300317	0.387888
Tip10	5	-0.969522	0.0507637
Tip10	6	-1.27992	-0.515665
Tip10	7	-1.08703	-1.01589
Tip10	8	-0.563444	-1.19334
Tip10	9	0.102227	-1.01207
Tip10	10	0.893484	-0.649973
Tip105	1	1.17361	0.735452
Tip105	2	0.942128	1.19464
Tip105	3	0.349504	1.38622
Tip105	4	-0.326996	1.26737
Tip105	5	-0.906442	0.881967
Tip105	6	-1.13315	0.332347
Tip105	7	-0.861285	-0.144321
Tip105	8	-0.330233	-0.337925
Tip105	9	0.260283	-0.126899
Tip105	10	0.875081	0.319746
Tip66	1	0.157856	0.124
Tip66	2	-0.0431108	0.511436
Tip66	3	-0.719177	0.68854
Tip66	4	-1.38605	0.64145
Tip66	5	-1.97222	0.329189
Tip66	6	-2.23201	-0.245124
Tip66	7	-2.01154	-0.737955
Tip66	8	-1.5463	-0.996621
Tip66	9	-0.932241	-0.871842
Tip66	10	-0.211449	-0.337276
Tip107	1	2.61658	0.0984946
Tip107	2	2.40443	0.506398
Tip107	3	1.81101	0.707802
Tip107	4	1.08099	0.628806
Tip107	5	0.413494	0.259235
Tip107	6	0.140889	-0.272337
Tip107	7	0.441901	-0.701504
Tip107	8	1.03657	-0.885823
Tip107	9	1.69048	-0.711128
Tip107	10	2.35363	-0.312301
Tip15	1	2.42989	-0.679945
Tip15	2	2.2108	-0.256603
Tip15	3	1.58325	-0.0285957
Tip15	4	0.831772	-0.121065
Tip15	5	0.176725	-0.46237
Tip15	6	-0.0815853	-1.0036
Tip15	7	0.193898	-1.44661
Tip15	8	0.75583	-1.66183
Tip15	9	1.43738	-1.50183
Tip15	10	2.15091	-1.1073
Australopithecus_sediba	1	2.82976	-0.543158
Australopithecus_sediba	2	2.64513	-0.165513
Australopithecus_sediba	3	2.06867	0.0770244
Australopithecus_sediba	4	1.36765	-0.000828821
Australopithecus_sediba	5	0.711211	-0.340267
Australopithecus_sediba	6	0.54885	-0.796713
Australopithecus_sediba	7	0.854625	-1.14211
Australopithecus_sediba	8	1.33108	-1.35428
Australopithecus_sediba	9	1.90766	-1.19669
Australopithecus_sediba	10	2.53423	-0.900365
Tip130	1	1.45261	0.325567
Tip130	2	1.23341	0.731576
Tip130	3	0.498183	1.01381
Tip130	4	-0.281611	1.02369
Tip130	5	-0.928229	0.675379
Tip130	6	-1.19447	0.175307
Tip130	7	-0.980364	-0.272245
Tip130	8	-0.439465	-0.51222
Tip130	9	0.282532	-0.332508
Tip130	10	1.10243	-0.0450028
Kenyanthropus_platyops	1	2.96926	0.227842
Kenyanthropus_platyops	2	2.76093	0.612899
Kenyanthropus_platyops	3	2.14179	0.888554
Kenyanthropus_platyops	4	1.42665	0.802787
Kenyanthropus_platyops	5	0.768382	0.439592
Kenyanthropus_platyops	6	0.576934	-0.0233896
Kenyanthropus_platyops	7	0.83467	-0.397181
Kenyanthropus_platyops	8	1.37498	-0.600901
Kenyanthropus_platyops	9	2.08199	-0.444915
Kenyanthropus_platyops	10	2.75523	-0.183369
Homo_rudolfensis	1	3.31087	0.351187
Homo_rudolfensis	2	3.09554	0.723999
Homo_rudolfensis	3	2.41628	0.999039
Homo_rudolfensis	4	1.64101	0.901913
Homo_rudolfensis	5	1.01284	0.544178
Homo_rudolfensis	6	0.853203	0.0531764
Homo_rudolfensis	7	1.13386	-0.329984
Homo_rudolfensis	8	1.69335	-0.517414
Homo_rudolfensis	9	2.43172	-0.350773
Homo_rudolfensis	10	3.0996	-0.0306662
Homo_habilis	1	2.23063	-0.911133
Homo_habilis	2	2.04108	-0.469096
Homo_habilis	3	1.5143	-0.152538
Homo_habilis	4	0.897511	-0.131128
Homo_habilis	5	0.350965	-0.445711
Homo_habilis	6	0.165	-0.956225
Homo_habilis	7	0.415555	-1.44416
Homo_habilis	8	0.825662	-1.80251
Homo_habilis	9	1.35575	-1.75012
Homo_habilis	10	1.96007	-1.35886
Homo_sapiens	1	0.611848	-1.37321
Homo_sapiens	2	0.359498	-0.927901
Homo_sapiens	3	-0.241822	-0.65808
Homo_sapiens	4	-0.861425	-0.630539
Homo_sapiens	5	-1.26722	-0.846119
Homo_sapiens	6	-1.40799	-1.24532
Homo_sapiens	7	-1.17935	-1.57416
Homo_sapiens	8	-0.752269	-1.883
Homo_sapiens	9	-0.201186	-1.92047
Homo_sapiens	10	0.337116	-1.75236
Homo_ergaster	1	0.998041	-2.7844
Homo_ergaster	2	0.832071	-2.30493
Homo_ergaster	3	0.278129	-1.93135
Homo_ergaster	4	-0.397502	-1.85076
Homo_ergaster	5	-0.883716	-2.08124
Homo_ergaster	6	-1.12309	-2.54014
Homo_ergaster	7	-0.93583	-2.96144
Homo_ergaster	8	-0.530286	-3.33418
Homo_ergaster	9	0.0213453	-3.36365
Homo_ergaster	10	0.66635	-3.16297
Tip17	1	3.14096	-1.10525
Tip17	2	2.89174	-0.714258
Tip17	3	2.19764	-0.564652
Tip17	4	1.36386	-0.722458
Tip17	5	0.636729	-1.0052
Tip17	6	0.342338	-1.49919
Tip17	7	0.584351	-1.89486
Tip17	8	1.15168	-2.16071
Tip17	9	1.96684	-2.04276
Tip17	10	2.80015	-1.57335
Tip89	1	2.36624	-0.00763388
Tip89	2	2.17745	0.411892
Tip89	3	1.64412	0.653299
Tip89	4	0.933329	0.623244
Tip89	5	0.205233	0.360952
Tip89	6	-0.05645	-0.222615
Tip89	7	0.204087	-0.629241
Tip89	8	0.742781	-0.857843
Tip89	9	1.41965	-0.646677
Tip89	10	2.08651	-0.351623
Tip8	1	2.65759	0.12848
Tip8	2	2.4377	0.604973
Tip8	3	1.91227	0.897273
Tip8	4	1.22337	0.812636
Tip8	5	0.584662	0.519424
Tip8	6	0.378194	-0.0932252
Tip8	7	0.663342	-0.503282
Tip8	8	1.17308	-0.726951
Tip8	9	1.80987	-0.509225
Tip8	10	2.43312	-0.246212
Australopithecus_africanus	1	1.82384	1.781
Australopithecus_africanus	2	1.68802	2.18552
Australopithecus_africanus	3	1.16801	2.39727
Australopithecus_africanus	4	0.457154	2.21295
Australopithecus_africanus	5	-0.155504	1.67069
Australopithecus_africanus	6	-0.391698	0.992786
Australopithecus_africanus	7	-0.0335378	0.552406
Australopithecus_africanus	8	0.490472	0.369493
Australopithecus_africanus	9	1.02378	0.665089
Australopithecus_africanus	10	1.55301	1.30903
Australopithecus_garhi	1	2.40406	1.46766
Australopithecus_garhi	2	2.1561	1.9225
Australopithecus_garhi	3	1.55285	2.1856
Australopithecus_garhi	4	0.823721	2.08505
Australopithecus_garhi	5	0.146095	1.68079
Australopithecus_garhi	6	-0.0856476	1.10176
Australopithecus_garhi	7	0.264433	0.671707
Australopithecus_garhi	8	0.839085	0.455658
Australopithecus_garhi	9	1.47228	0.63573
Australopithecus_garhi	10	2.11875	1.0272
Tip60	1	3.31862	0.434509
Tip60	2	3.06487	0.875392
Tip60	3	2.47064	1.16537
Tip60	4	1.70482	1.26192
Tip60	5	0.974078	0.991321
Tip60	6	0.716495	0.414817
Tip60	7	1.0493	-0.081304
Tip60	8	1.61734	-0.314317
Tip60	9	2.32183	-0.240328
Tip60	10	3.0283	0.0662718
Tip2	1	3.54177	2.45931
Tip2	2	3.28051	2.95085
Tip2	3	2.69493	3.35917
Tip2	4	1.99958	3.52001
Tip2	5	1.33862	3.26776
Tip2	6	1.1664	2.63466
Tip2	7	1.51544	2.14337
Tip2	8	2.0918	1.84519
Tip2	9	2.69299	1.79273
Tip2	10	3.32729	2.03458
Australopithecus_afarensis	1	1.66867	0.329919
Australopithecus_afarensis	2	1.34136	0.754436
Australopithecus_afarensis	3	0.641678	1.02162
Australopithecus_afarensis	4	-0.183918	1.11258
Australopithecus_afarensis	5	-0.91298	0.780548
Australopithecus_afarensis	6	-1.1623	0.246705
Australopithecus_afarensis	7	-0.81603	-0.198269
Australopithecus_afarensis	8	-0.201097	-0.457878
Australopithecus_afarensis	9	0.532932	-0.338212
Australopithecus_afarensis	10	1.36509	-0.0187136
Australopithecus_anamensis	1	1.54429	-0.225136
Australopithecus_anamensis	2	1.32152	0.132941
Australopithecus_anamensis	3	0.764551	0.263218
Australopithecus_anamensis	4	0.0822303	0.0875695
Australopithecus_anamensis	5	-0.462962	-0.236778
Australopithecus_anamensis	6	-0.724195	-0.723088
Australopithecus_anamensis	7	-0.404665	-1.16025
Australopithecus_anamensis	8	0.0379638	-1.39183
Australopithecus_anamensis	9	0.59853	-1.19952
Australopithecus_anamensis	10	1.27158	-0.681735
Tip1	1	1.16783	-0.0758064
Tip1	2	0.88711	0.447542
Tip1	3	0.252964	0.671583
Tip1	4	-0.479763	0.643853
Tip1	5	-1.04815	0.304922
Tip1	6	-1.25419	-0.227779
Tip1	7	-1.04824	-0.726894
Tip1	8	-0.559251	-0.95561
Tip1	9	0.078507	-0.862735
Tip1	10	0.874154	-0.50011
Tip5	1	0.559483	0.26271
Tip5	2	0.335844	0.722108
Tip5	3	-0.31061	0.952916
Tip5	4	-1.07858	0.911105
Tip5	5	-1.74146	0.569461
Tip5	6	-1.995	0.0709122
Tip5	7	-1.76054	-0.398405
Tip5	8	-1.25815	-0.602234
Tip5	9	-0.587459	-0.50205
Tip5	10	0.222722	-0.178338
Tip11	1	1.37052	0.438235
Tip11	2	1.20212	0.903774
Tip11	3	0.609042	1.15195
Tip11	4	-0.126124	1.12046
Tip11	5	-0.799852	0.80522
Tip11	6	-1.07266	0.298002
Tip11	7	-0.854796	-0.182543
Tip11	8	-0.338576	-0.395518
Tip11	9	0.312244	-0.295696
Tip11	10	1.05322	0.00462067
Tip7	1	1.22718	0.376951
Tip7	2	0.980785	0.852846
Tip7	3	0.339539	1.14533
Tip7	4	-0.415628	1.18636
Tip7	5	-1.05495	0.928777
Tip7	6	-1.28545	0.434211
Tip7	7	-1.05735	-0.0392903
Tip7	8	-0.56561	-0.344479
Tip7	9	0.135435	-0.304427
Tip7	10	0.907149	-0.0319186
Tip25	1	0.702075	-0.607468
Tip25	2	0.497758	-0.122604
Tip25	3	-0.0667917	0.162874
Tip25	4	-0.727064	0.166177
Tip25	5	-1.31793	-0.10622
Tip25	6	-1.52675	-0.627642
Tip25	7	-1.3148	-1.15562
Tip25	8	-0.820984	-1.41054
Tip25	9	-0.225168	-1.33844
Tip25	10	0.416699	-1.05237
Tip113	1	1.45085	-1.8712
Tip113	2	1.31639	-1.39326
Tip113	3	0.738782	-1.01694
Tip113	4	0.152786	-0.943734
Tip113	5	-0.27625	-1.22456
Tip113	6	-0.435256	-1.71317
Tip113	7	-0.267486	-2.31126
Tip113	8	0.163251	-2.57516
Tip113	9	0.650063	-2.51099
Tip113	10	1.17481	-2.24113
Tip129	1	2.35215	-1.47011
Tip129	2	2.25687	-1.02435
Tip129	3	1.66854	-0.648443
Tip129	4	1.06347	-0.579641
Tip129	5	0.559189	-0.850256
Tip129	6	0.392418	-1.38138
Tip129	7	0.56228	-2.00032
Tip129	8	1.02026	-2.21361
Tip129	9	1.55338	-2.09469
Tip129	10	2.06515	-1.8206
Tip26	1	0.527219	-1.55349
Tip26	2	0.326659	-1.05589
Tip26	3	-0.254468	-0.699938
Tip26	4	-0.835889	-0.609144
Tip26	5	-1.33839	-0.867314
Tip26	6	-1.49006	-1.36236
Tip26	7	-1.29295	-1.94178
Tip26	8	-0.79785	-2.23494
Tip26	9	-0.23308	-2.24022
Tip26	10	0.289012	-1.99226
Tip84	1	2.29976	-0.597318
Tip84	2	2.08676	-0.00554054
Tip84	3	1.50228	0.394971
Tip84	4	0.859009	0.471586
Tip84	5	0.38187	0.231178
Tip84	6	0.316287	-0.319739
Tip84	7	0.508978	-1.0212
Tip84	8	0.963805	-1.31082
Tip84	9	1.51246	-1.34983
Tip84	10	2.0419	-1.10498
Tip41	1	1.64684	-1.34009
Tip41	2	1.46104	-0.750523
Tip41	3	0.94681	-0.370255
Tip41	4	0.353654	-0.30355
Tip41	5	-0.0926373	-0.561723
Tip41	6	-0.189858	-1.09928
Tip41	7	-0.0442465	-1.7836
Tip41	8	0.402206	-2.05623
Tip41	9	0.935317	-2.06524
Tip41	10	1.41061	-1.8472
Tip126	1	1.83857	-1.69543
Tip126	2	1.64786	-1.11126
Tip126	3	1.14293	-0.731429
Tip126	4	0.532097	-0.682459
Tip126	5	0.0914178	-0.953375
Tip126	6	-0.00696896	-1.54162
Tip126	7	0.145298	-2.1965
Tip126	8	0.624205	-2.44697
Tip126	9	1.21074	-2.43862
Tip126	10	1.65019	-2.24049
Tip22	1	1.54519	-1.2448
Tip22	2	1.35772	-0.658151
Tip22	3	0.853373	-0.278396
Tip22	4	0.31145	-0.223936
Tip22	5	-0.109431	-0.483832
Tip22	6	-0.199062	-1.02703
Tip22	7	-0.0660373	-1.70816
Tip22	8	0.361775	-1.98756
Tip22	9	0.857595	-2.00761
Tip22	10	1.32787	-1.77408
Tip27	1	1.36118	-1.74955
Tip27	2	1.18407	-1.17956
Tip27	3	0.662649	-0.820219
Tip27	4	0.0966339	-0.76522
Tip27	5	-0.38243	-1.00502
Tip27	6	-0.503068	-1.50496
Tip27	7	-0.366624	-2.18568
Tip27	8	0.0725132	-2.47939
Tip27	9	0.606025	-2.48737
Tip27	10	1.1221	-2.24172
Tip90	1	1.13241	-2.58684
Tip90	2	0.948801	-2.01674
Tip90	3	0.421901	-1.63398
Tip90	4	-0.129455	-1.58211
Tip90	5	-0.608445	-1.81342
Tip90	6	-0.708583	-2.29787
Tip90	7	-0.541637	-2.98622
Tip90	8	-0.0894468	-3.26429
Tip90	9	0.435912	-3.28905
Tip90	10	0.94196	-3.07119
Tip63	1	0.700811	-2.11906
Tip63	2	0.540989	-1.60566
Tip63	3	0.0271247	-1.22356
Tip63	4	-0.528791	-1.14796
Tip63	5	-1.0071	-1.43035
Tip63	6	-1.15468	-1.94049
Tip63	7	-0.988269	-2.53475
Tip63	8	-0.56312	-2.80694
Tip63	9	-0.0472763	-2.81208
Tip63	10	0.457021	-2.57211
Tip124	1	1.82898	-0.659189
Tip124	2	1.66752	-0.128197
Tip124	3	1.14674	0.175977
Tip124	4	0.458949	0.17508
Tip124	5	-0.195188	-0.127699
Tip124	6	-0.429789	-0.691987
Tip124	7	-0.211805	-1.33057
Tip124	8	0.292538	-1.63672
Tip124	9	0.858965	-1.53986
Tip124	10	1.4939	-1.15395
Tip4	1	0.678269	-1.59291
Tip4	2	0.485256	-1.07246
Tip4	3	-0.0901158	-0.748304
Tip4	4	-0.725311	-0.699226
Tip4	5	-1.25546	-0.975736
Tip4	6	-1.43539	-1.5171
Tip4	7	-1.21809	-2.11283
Tip4	8	-0.72828	-2.39077
Tip4	9	-0.182789	-2.33539
Tip4	10	0.390575	-2.03861
Tip30	1	1.0958	-0.819655
Tip30	2	0.946909	-0.377646
Tip30	3	0.404252	-0.16465
Tip30	4	-0.181359	-0.138871
Tip30	5	-0.675288	-0.348967
Tip30	6	-0.92735	-0.812055
Tip30	7	-0.714705	-1.29428
Tip30	8	-0.185392	-1.53273
Tip30	9	0.302125	-1.4126
Tip30	10	0.815831	-1.21731
Tip55	1	1.64683	-0.815568
Tip55	2	1.54962	-0.370814
Tip55	3	1.07332	-0.143702
Tip55	4	0.503626	-0.0999765
Tip55	5	0.00434966	-0.30644
Tip55	6	-0.240262	-0.781334
Tip55	7	-0.05602	-1.28071
Tip55	8	0.425142	-1.51359
Tip55	9	0.884189	-1.38505
Tip55	10	1.36542	-1.19828
Tip14	1	0.784245	-0.316778
Tip14	2	0.543114	0.21252
Tip14	3	0.0566062	0.587585
Tip14	4	-0.549468	0.638695
Tip14	5	-1.11166	0.261818
Tip14	6	-1.32315	-0.317378
Tip14	7	-1.13055	-0.881554
Tip14	8	-0.61912	-1.13134
Tip14	9	-0.0355763	-1.05792
Tip14	10	0.503263	-0.761284
Tip21	1	0.643754	-0.609351
Tip21	2	0.385242	-0.102078
Tip21	3	-0.136312	0.205319
Tip21	4	-0.776697	0.231563
Tip21	5	-1.34614	-0.124804
Tip21	6	-1.54934	-0.744393
Tip21	7	-1.34133	-1.32614
Tip21	8	-0.753358	-1.52675
Tip21	9	-0.151538	-1.43466
Tip21	10	0.384504	-1.11398
Tip120	1	0.932087	-0.347635
Tip120	2	0.669148	0.277049
Tip120	3	0.113985	0.729763
Tip120	4	-0.506508	0.882105
Tip120	5	-1.09081	0.604652
Tip120	6	-1.23771	0.00273976
Tip120	7	-1.02072	-0.609818
Tip120	8	-0.484784	-0.964038
Tip120	9	0.0921696	-1.06788
Tip120	10	0.622926	-0.846915
Tip119	1	0.548408	-0.969326
Tip119	2	0.29911	-0.481425
Tip119	3	-0.277116	-0.133296
Tip119	4	-0.940722	-0.0768396
Tip119	5	-1.51225	-0.358862
Tip119	6	-1.68427	-0.875586
Tip119	7	-1.44979	-1.39512
Tip119	8	-0.905542	-1.67137
Tip119	9	-0.271263	-1.65318
Tip119	10	0.272154	-1.4011
Tip9	1	0.608155	-0.802673
Tip9	2	0.359717	-0.308583
Tip9	3	-0.194747	0.0285116
Tip9	4	-0.836985	0.0741651
Tip9	5	-1.40085	-0.216442
Tip9	6	-1.58953	-0.746891
Tip9	7	-1.36432	-1.27644
Tip9	8	-0.825649	-1.55743
Tip9	9	-0.208197	-1.52655
Tip9	10	0.328578	-1.25214
Tip58	1	1.08497	-0.937102
Tip58	2	0.799942	-0.464718
Tip58	3	0.296749	-0.0812687
Tip58	4	-0.326685	0.0206301
Tip58	5	-0.84352	-0.287436
Tip58	6	-1.00817	-0.879558
Tip58	7	-0.777869	-1.48179
Tip58	8	-0.23621	-1.76519
Tip58	9	0.299138	-1.6667
Tip58	10	0.83592	-1.38617
Sahelanthropus_tchadensis	1	0.87516	-0.845864
Sahelanthropus_tchadensis	2	0.643144	-0.368662
Sahelanthropus_tchadensis	3	0.0910717	-0.010386
Sahelanthropus_tchadensis	4	-0.580389	0.115198
Sahelanthropus_tchadensis	5	-1.15169	-0.1285
Sahelanthropus_tchadensis	6	-1.32937	-0.669876
Sahelanthropus_tchadensis	7	-1.09085	-1.20933
Sahelanthropus_tchadensis	8	-0.541022	-1.50254
Sahelanthropus_tchadensis	9	0.0853396	-1.49713
Sahelanthropus_tchadensis	10	0.633049	-1.27372
Tip103	1	0.794725	-0.543346
Tip103	2	0.54867	0.0267293
Tip103	3	-0.034554	0.419485
Tip103	4	-0.670345	0.479239
Tip103	5	-1.18233	0.186544
Tip103	6	-1.34636	-0.420423
Tip103	7	-1.08171	-1.02535
Tip103	8	-0.546267	-1.37392
Tip103	9	0.0754144	-1.3846
Tip103	10	0.575928	-1.08682
Tip33	1	1.0461	-0.0796758
Tip33	2	0.81481	0.495903
Tip33	3	0.250888	0.905832
Tip33	4	-0.37553	0.980689
Tip33	5	-0.904263	0.681988
Tip33	6	-1.08956	0.0790232
Tip33	7	-0.847825	-0.492047
Tip33	8	-0.324761	-0.823424
Tip33	9	0.2782	-0.84565
Tip33	10	0.795502	-0.57892
Tip13	1	1.16765	0.205063
Tip13	2	0.922929	0.783211
Tip13	3	0.347788	1.19144
Tip13	4	-0.300278	1.27761
Tip13	5	-0.84198	0.986811
Tip13	6	-1.04627	0.382178
Tip13	7	-0.80508	-0.191029
Tip13	8	-0.263972	-0.505857
Tip13	9	0.369394	-0.529451
Tip13	10	0.91221	-0.271843
Tip133	1	1.52694	-0.395743
Tip133	2	1.25414	0.112766
Tip133	3	0.678306	0.455386
Tip133	4	0.0438201	0.526462
Tip133	5	-0.488048	0.241551
Tip133	6	-0.647331	-0.266025
Tip133	7	-0.402199	-0.833233
Tip133	8	0.155163	-1.10318
Tip133	9	0.781491	-1.10207
Tip133	10	1.27403	-0.853078
Tip91	1	2.11884	0.637374
Tip91	2	1.82376	1.20584
Tip91	3	1.29373	1.54152
Tip91	4	0.731846	1.63542
Tip91	5	0.234156	1.33095
Tip91	6	0.0704448	0.80142
Tip91	7	0.335133	0.231363
Tip91	8	0.941545	-0.0281915
Tip91	9	1.54614	-0.0333186
Tip91	10	1.96855	0.193062
Tip49	1	1.46275	-0.400882
Tip49	2	1.19543	0.175239
Tip49	3	0.703401	0.549292
Tip49	4	0.165497	0.648859
Tip49	5	-0.357974	0.356058
Tip49	6	-0.554362	-0.162031
Tip49	7	-0.28505	-0.767484
Tip49	8	0.279992	-1.078
Tip49	9	0.876236	-1.10718
Tip49	10	1.30075	-0.860072
Tip62	1	0.931223	-0.731238
Tip62	2	0.665706	-0.0921522
Tip62	3	0.190874	0.259321
Tip62	4	-0.340958	0.364762
Tip62	5	-0.800428	0.0721058
Tip62	6	-1.01011	-0.521287
Tip62	7	-0.772637	-1.18148
Tip62	8	-0.213173	-1.5044
Tip62	9	0.353174	-1.51015
Tip62	10	0.758747	-1.23921
Tip100	1	1.10565	-1.06945
Tip100	2	0.786209	-0.460889
Tip100	3	0.193343	-0.0978639
Tip100	4	-0.520569	-0.0677185
Tip100	5	-1.07143	-0.38627
Tip100	6	-1.24228	-1.01767
Tip100	7	-0.88065	-1.6643
Tip100	8	-0.294638	-1.97218
Tip100	9	0.40921	-1.99871
Tip100	10	0.883215	-1.69845
Tip112	1	0.513153	-0.351947
Tip112	2	0.228786	0.284712
Tip112	3	-0.343929	0.594452
Tip112	4	-1.04097	0.573486
Tip112	5	-1.57331	0.238802
Tip112	6	-1.7664	-0.358502
Tip112	7	-1.45915	-0.97637
Tip112	8	-0.894656	-1.26722
Tip112	9	-0.214192	-1.2931
Tip112	10	0.291395	-0.978209
Tip134	1	0.545493	-0.537878
Tip134	2	0.215252	0.0566806
Tip134	3	-0.418243	0.378867
Tip134	4	-1.25581	0.399768
Tip134	5	-1.8379	0.0848143
Tip134	6	-2.02505	-0.51591
Tip134	7	-1.6332	-1.19186
Tip134	8	-0.97155	-1.52227
Tip134	9	-0.221068	-1.52228
Tip134	10	0.311919	-1.1907
Tip12	1	1.22683	-0.137901
Tip12	2	0.992409	0.487348
Tip12	3	0.484443	0.843304
Tip12	4	-0.144058	0.818135
Tip12	5	-0.67606	0.464531
Tip12	6	-0.872269	-0.17732
Tip12	7	-0.604725	-0.810625
Tip12	8	-0.0769025	-1.16175
Tip12	9	0.550418	-1.18229
Tip12	10	1.03777	-0.821055
Tip75	1	0.656922	-0.29871
Tip75	2	0.446329	0.335679
Tip75	3	-0.0952203	0.697437
Tip75	4	-0.733138	0.641083
Tip75	5	-1.2754	0.248187
Tip75	6	-1.43971	-0.417165
Tip75	7	-1.17167	-1.08279
Tip75	8	-0.621176	-1.39231
Tip75	9	-0.0107686	-1.36372
Tip75	10	0.445093	-0.962756
Tip20	1	0.736412	-0.419385
Tip20	2	0.497911	0.215899
Tip20	3	-0.0569919	0.583934
Tip20	4	-0.708817	0.55224
Tip20	5	-1.23764	0.188023
Tip20	6	-1.4333	-0.477502
Tip20	7	-1.16544	-1.15862
Tip20	8	-0.598405	-1.50705
Tip20	9	0.0567	-1.47925
Tip20	10	0.527187	-1.07753
Tip51	1	0.592192	-0.927776
Tip51	2	0.400193	-0.402177
Tip51	3	-0.129409	-0.0704826
Tip51	4	-0.809879	-0.109834
Tip51	5	-1.43267	-0.505681
Tip51	6	-1.64702	-1.08925
Tip51	7	-1.45609	-1.65329
Tip51	8	-0.901279	-1.93594
Tip51	9	-0.215224	-1.89483
Tip51	10	0.352111	-1.53166
Tip80	1	0.376483	0.0511462
Tip80	2	0.196755	0.570959
Tip80	3	-0.311143	0.857894
Tip80	4	-0.910593	0.84064
Tip80	5	-1.46363	0.499332
Tip80	6	-1.65544	-0.0959932
Tip80	7	-1.45766	-0.660269
Tip80	8	-0.971589	-0.936076
Tip80	9	-0.347702	-0.896221
Tip80	10	0.162336	-0.542177
Tip88	1	1.1958	0.496263
Tip88	2	1.03754	1.0396
Tip88	3	0.507952	1.36052
Tip88	4	-0.13838	1.35893
Tip88	5	-0.677668	1.01871
Tip88	6	-0.868162	0.433679
Tip88	7	-0.696596	-0.105387
Tip88	8	-0.187704	-0.403756
Tip88	9	0.430283	-0.348112
Tip88	10	0.977674	-0.0713394
Tip23	1	0.932033	-0.677141
Tip23	2	0.728821	-0.122236
Tip23	3	0.222348	0.230556
Tip23	4	-0.376203	0.230047
Tip23	5	-0.87787	-0.132095
Tip23	6	-1.01774	-0.713017
Tip23	7	-0.801736	-1.27315
Tip23	8	-0.330884	-1.58689
Tip23	9	0.250932	-1.53541
Tip23	10	0.75284	-1.24178
Tip28	1	0.709745	-0.328147
Tip28	2	0.569877	0.213456
Tip28	3	0.0235653	0.507555
Tip28	4	-0.616781	0.55599
Tip28	5	-1.1388	0.253963
Tip28	6	-1.32912	-0.302427
Tip28	7	-1.14756	-0.898549
Tip28	8	-0.644006	-1.19722
Tip28	9	-0.0375135	-1.1768
Tip28	10	0.454251	-0.86401
Tip35	1	1.05845	-0.292147
Tip35	2	0.902568	0.29618
Tip35	3	0.403345	0.650373
Tip35	4	-0.228194	0.673094
Tip35	5	-0.754638	0.348224
Tip35	6	-0.954921	-0.246158
Tip35	7	-0.748629	-0.851814
Tip35	8	-0.246875	-1.21954
Tip35	9	0.357558	-1.2394
Tip35	10	0.855336	-0.868168
